CREATE DATABASE  IF NOT EXISTS `fytotherapie` /*!40100 DEFAULT CHARACTER SET utf8mb4 COLLATE utf8mb4_unicode_ci */ /*!80016 DEFAULT ENCRYPTION='N' */;
USE `fytotherapie`;
-- MySQL dump 10.13  Distrib 8.0.42, for Win64 (x86_64)
--
-- Host: 127.0.0.1    Database: fytotherapie
-- ------------------------------------------------------
-- Server version	8.0.42

/*!40101 SET @OLD_CHARACTER_SET_CLIENT=@@CHARACTER_SET_CLIENT */;
/*!40101 SET @OLD_CHARACTER_SET_RESULTS=@@CHARACTER_SET_RESULTS */;
/*!40101 SET @OLD_COLLATION_CONNECTION=@@COLLATION_CONNECTION */;
/*!50503 SET NAMES utf8 */;
/*!40103 SET @OLD_TIME_ZONE=@@TIME_ZONE */;
/*!40103 SET TIME_ZONE='+00:00' */;
/*!40014 SET @OLD_UNIQUE_CHECKS=@@UNIQUE_CHECKS, UNIQUE_CHECKS=0 */;
/*!40014 SET @OLD_FOREIGN_KEY_CHECKS=@@FOREIGN_KEY_CHECKS, FOREIGN_KEY_CHECKS=0 */;
/*!40101 SET @OLD_SQL_MODE=@@SQL_MODE, SQL_MODE='NO_AUTO_VALUE_ON_ZERO' */;
/*!40111 SET @OLD_SQL_NOTES=@@SQL_NOTES, SQL_NOTES=0 */;

--
-- Table structure for table `afspraken`
--

DROP TABLE IF EXISTS `afspraken`;
/*!40101 SET @saved_cs_client     = @@character_set_client */;
/*!50503 SET character_set_client = utf8mb4 */;
CREATE TABLE `afspraken` (
  `id` int NOT NULL AUTO_INCREMENT,
  `klant_id` int DEFAULT NULL,
  `datumtijd` datetime DEFAULT NULL,
  `onderwerp` text COLLATE utf8mb4_unicode_ci,
  `locatie` text COLLATE utf8mb4_unicode_ci,
  PRIMARY KEY (`id`),
  KEY `klant_id` (`klant_id`),
  CONSTRAINT `afspraken_ibfk_1` FOREIGN KEY (`klant_id`) REFERENCES `klanten` (`id`)
) ENGINE=InnoDB AUTO_INCREMENT=6 DEFAULT CHARSET=utf8mb4 COLLATE=utf8mb4_unicode_ci;
/*!40101 SET character_set_client = @saved_cs_client */;

--
-- Dumping data for table `afspraken`
--

LOCK TABLES `afspraken` WRITE;
/*!40000 ALTER TABLE `afspraken` DISABLE KEYS */;
/*!40000 ALTER TABLE `afspraken` ENABLE KEYS */;
UNLOCK TABLES;

--
-- Table structure for table `behandeling_klacht`
--

DROP TABLE IF EXISTS `behandeling_klacht`;
/*!40101 SET @saved_cs_client     = @@character_set_client */;
/*!50503 SET character_set_client = utf8mb4 */;
CREATE TABLE `behandeling_klacht` (
  `behandeling_id` int DEFAULT NULL,
  `klacht_id` int DEFAULT NULL,
  KEY `behandeling_id` (`behandeling_id`),
  KEY `klacht_id` (`klacht_id`),
  CONSTRAINT `behandeling_klacht_ibfk_1` FOREIGN KEY (`behandeling_id`) REFERENCES `behandelingen` (`id`),
  CONSTRAINT `behandeling_klacht_ibfk_2` FOREIGN KEY (`klacht_id`) REFERENCES `klachten` (`id`)
) ENGINE=InnoDB DEFAULT CHARSET=utf8mb4 COLLATE=utf8mb4_unicode_ci;
/*!40101 SET character_set_client = @saved_cs_client */;

--
-- Dumping data for table `behandeling_klacht`
--

LOCK TABLES `behandeling_klacht` WRITE;
/*!40000 ALTER TABLE `behandeling_klacht` DISABLE KEYS */;
/*!40000 ALTER TABLE `behandeling_klacht` ENABLE KEYS */;
UNLOCK TABLES;

--
-- Table structure for table `behandeling_plant`
--

DROP TABLE IF EXISTS `behandeling_plant`;
/*!40101 SET @saved_cs_client     = @@character_set_client */;
/*!50503 SET character_set_client = utf8mb4 */;
CREATE TABLE `behandeling_plant` (
  `behandeling_id` int DEFAULT NULL,
  `plant_id` int DEFAULT NULL,
  KEY `behandeling_id` (`behandeling_id`),
  KEY `plant_id` (`plant_id`),
  CONSTRAINT `behandeling_plant_ibfk_1` FOREIGN KEY (`behandeling_id`) REFERENCES `behandelingen` (`id`),
  CONSTRAINT `behandeling_plant_ibfk_2` FOREIGN KEY (`plant_id`) REFERENCES `planten` (`id`)
) ENGINE=InnoDB DEFAULT CHARSET=utf8mb4 COLLATE=utf8mb4_unicode_ci;
/*!40101 SET character_set_client = @saved_cs_client */;

--
-- Dumping data for table `behandeling_plant`
--

LOCK TABLES `behandeling_plant` WRITE;
/*!40000 ALTER TABLE `behandeling_plant` DISABLE KEYS */;
/*!40000 ALTER TABLE `behandeling_plant` ENABLE KEYS */;
UNLOCK TABLES;

--
-- Table structure for table `behandelingen`
--

DROP TABLE IF EXISTS `behandelingen`;
/*!40101 SET @saved_cs_client     = @@character_set_client */;
/*!50503 SET character_set_client = utf8mb4 */;
CREATE TABLE `behandelingen` (
  `id` int NOT NULL AUTO_INCREMENT,
  `klant_id` int DEFAULT NULL,
  `naam` text COLLATE utf8mb4_unicode_ci,
  `datum` date DEFAULT NULL,
  PRIMARY KEY (`id`),
  KEY `klant_id` (`klant_id`),
  CONSTRAINT `behandelingen_ibfk_1` FOREIGN KEY (`klant_id`) REFERENCES `klanten` (`id`)
) ENGINE=InnoDB AUTO_INCREMENT=4 DEFAULT CHARSET=utf8mb4 COLLATE=utf8mb4_unicode_ci;
/*!40101 SET character_set_client = @saved_cs_client */;

--
-- Dumping data for table `behandelingen`
--

LOCK TABLES `behandelingen` WRITE;
/*!40000 ALTER TABLE `behandelingen` DISABLE KEYS */;
/*!40000 ALTER TABLE `behandelingen` ENABLE KEYS */;
UNLOCK TABLES;

--
-- Table structure for table `gebruikers`
--

DROP TABLE IF EXISTS `gebruikers`;
/*!40101 SET @saved_cs_client     = @@character_set_client */;
/*!50503 SET character_set_client = utf8mb4 */;
CREATE TABLE `gebruikers` (
  `id` int NOT NULL AUTO_INCREMENT,
  `gebruikersnaam` varchar(255) COLLATE utf8mb4_unicode_ci NOT NULL,
  `wachtwoord_hash` text COLLATE utf8mb4_unicode_ci NOT NULL,
  `rol` varchar(50) COLLATE utf8mb4_unicode_ci DEFAULT 'gebruiker',
  PRIMARY KEY (`id`),
  UNIQUE KEY `gebruikersnaam` (`gebruikersnaam`)
) ENGINE=InnoDB AUTO_INCREMENT=2 DEFAULT CHARSET=utf8mb4 COLLATE=utf8mb4_unicode_ci;
/*!40101 SET character_set_client = @saved_cs_client */;

--
-- Dumping data for table `gebruikers`
--

LOCK TABLES `gebruikers` WRITE;
/*!40000 ALTER TABLE `gebruikers` DISABLE KEYS */;
INSERT INTO `gebruikers` VALUES (1,'admin','$2b$12$mQyw4XeJJcYLUlsI3q.E3uErweZ0lGcLONFJUIildMRN4GLtUJ8x2','admin');
/*!40000 ALTER TABLE `gebruikers` ENABLE KEYS */;
UNLOCK TABLES;

--
-- Table structure for table `klachten`
--

DROP TABLE IF EXISTS `klachten`;
/*!40101 SET @saved_cs_client     = @@character_set_client */;
/*!50503 SET character_set_client = utf8mb4 */;
CREATE TABLE `klachten` (
  `id` int NOT NULL AUTO_INCREMENT,
  `naam` varchar(255) COLLATE utf8mb4_unicode_ci NOT NULL,
  `beschrijving` text COLLATE utf8mb4_unicode_ci,
  PRIMARY KEY (`id`),
  UNIQUE KEY `naam` (`naam`)
) ENGINE=InnoDB AUTO_INCREMENT=317 DEFAULT CHARSET=utf8mb4 COLLATE=utf8mb4_unicode_ci;
/*!40101 SET character_set_client = @saved_cs_client */;

--
-- Dumping data for table `klachten`
--

LOCK TABLES `klachten` WRITE;
/*!40000 ALTER TABLE `klachten` DISABLE KEYS */;
INSERT INTO `klachten` VALUES (1,'Verstoorde darmflora','Onevenwicht in de darmbacteriën, wat spijsverteringsproblemen en verminderde weerstand kan veroorzaken.'),(2,'Schimmelinfecties','Overgroei van schimmels, vaak Candida, die huid, slijmvliezen of darmen kunnen aantasten.'),(3,'Darmparasieten','Infectie van de darmen door parasitaire organismen zoals wormen of protozoa.'),(4,'Herstel balans darmflora na antibioticakuur','Ondersteuning van het herstel van gezonde darmbacteriën na verstoring door antibiotica.'),(5,'Herstel balans darmflora bij diëten en vasten','Stimuleren van een gezonde darmflora tijdens of na veranderingen in dieet of periodes van vasten.'),(6,'Slechte spijsvertering','Verminderde vertering van voedsel, wat kan leiden tot klachten zoals een opgeblazen gevoel, misselijkheid of obstipatie.'),(7,'Buikpijn','Pijn of krampen in de buikstreek, veroorzaakt door uiteenlopende spijsverteringsproblemen.'),(8,'Opgeblazen gevoel','Onaangename zwelling van de buik, vaak door gasvorming of vertraagde vertering.'),(9,'Maagzuur','Brandend gevoel achter het borstbeen door terugvloeiend maagzuur naar de slokdarm.'),(10,'Bacteriële infecties','Infecties veroorzaakt door schadelijke bacteriën, die verschillende organen en systemen kunnen aantasten.'),(11,'Diabetes','Chronische stofwisselingsziekte waarbij het lichaam onvoldoende insuline aanmaakt of gebruikt, leidend tot hoge bloedsuikerspiegels.'),(12,'Vermoeidheid','Een toestand van uitputting of gebrek aan energie, zowel lichamelijk als geestelijk.'),(13,'Aanvullen aminozuren bij sporters','Ondersteuning bij het herstel en de spieropbouw door aanvulling van essentiële aminozuren na sportieve inspanning.'),(14,'Detox voor maag en darmen','Reiniging en ondersteuning van het maag-darmstelsel om afvalstoffen te verwijderen en de spijsvertering te verbeteren.'),(15,'Leverproblemen','Functioneringsstoornissen van de lever, zoals ontgiftingsproblemen of leverontsteking.'),(16,'Alcoholmisbruik','Overmatig gebruik van alcohol met schadelijke gevolgen voor organen zoals lever en hersenen.'),(17,'Kater','Een verzameling van lichamelijke klachten zoals hoofdpijn, misselijkheid en vermoeidheid na overmatig alcoholgebruik.'),(18,'Galblaasproblemen','Stoornissen in de werking van de galblaas, zoals galstenen of ontstekingen, die de spijsvertering kunnen beïnvloeden.'),(19,'Anorexia','Een eetstoornis gekenmerkt door een extreem lage voedselinname en een verstoord lichaamsbeeld.'),(20,'Gezwollen buik','Toename van de buikomvang door gasophoping, vochtretentie of ontsteking.'),(21,'Overproductie en afbouwen borstvoeding','Begeleiding bij het reguleren van een te hoge melkproductie en het verminderen van borstvoeding.'),(22,'Preventie borstontsteking','Ondersteunende maatregelen om ontsteking van het borstweefsel tijdens borstvoeding te voorkomen.'),(23,'Geringe spermaproductie','Verminderde productie van spermacellen, wat vruchtbaarheidsproblemen kan veroorzaken.'),(24,'Vruchtbaarheidsproblemen','Moeilijkheden bij het tot stand brengen van een zwangerschap, zowel bij mannen als vrouwen.'),(25,'Impotentie','Onvermogen om een erectie te krijgen of te behouden die voldoende is voor bevredigende seksuele activiteit.'),(26,'Veroudering','Het natuurlijke proces van lichamelijke en geestelijke veranderingen door de tijd heen, vaak met afnemende vitaliteit.'),(27,'Overspannenheid','Een toestand van langdurige mentale overbelasting die kan leiden tot uitputting en stressklachten.'),(28,'Burn-out','Een ernstige toestand van emotionele, mentale en fysieke uitputting door langdurige overbelasting en stress.'),(29,'Stress','Gevoel van spanning of druk als reactie op externe of interne prikkels.'),(30,'Slapeloosheid','Moeite met inslapen, doorslapen of een verstoorde slaapkwaliteit.'),(31,'Traumaverwerking','Het emotioneel en mentaal verwerken van schokkende of ingrijpende gebeurtenissen.'),(32,'Nervositeit','Een toestand van innerlijke onrust en spanning, vaak gepaard met verhoogde prikkelbaarheid.'),(33,'Innerlijke onrust','Een gevoel van voortdurende onrust of spanning zonder duidelijke externe oorzaak.'),(34,'Afkickverschijnselen','Fysieke en psychische klachten die optreden bij het stoppen van verslavende middelen.'),(35,'Prikkelbaarheid','Verhoogde gevoeligheid voor irritatie of frustratie.'),(36,'Geheugen­zwakte',''),(37,'Adhd','Een aandoening die gekenmerkt wordt door aandachtsproblemen, hyperactiviteit en impulsiviteit.'),(38,'Leerproblemen','Moeilijkheden bij het opnemen, verwerken of toepassen van informatie, vaak zichtbaar op school of werk.'),(39,'Concentratiestoornissen','Verminderde capaciteit om aandachtig te blijven bij taken of activiteiten.'),(40,'Dementie','Progressieve achteruitgang van cognitieve functies zoals geheugen, denken en redeneren.'),(41,'Epilepsie','Een neurologische aandoening waarbij herhaalde epileptische aanvallen optreden door abnormale hersenactiviteit.'),(42,'Broze haren','Haar dat snel breekt of splijt, vaak als gevolg van beschadiging of voedingstekorten.'),(43,'Zwakke nagels','Nagels die gemakkelijk breken, splijten of scheuren door zwakte of slechte voeding.'),(44,'Jeugdpuistjes','Ontstekingen van de huidporiën door overmatige talgproductie, meestal bij adolescenten.'),(45,'Acne','Chronische huidaandoening waarbij talgklieren verstopt en ontstoken raken, vaak gepaard met puistjes.'),(46,'Steenpuisten','Diepe, pijnlijke infecties van haarzakjes of talgklieren, veroorzaakt door bacteriën.'),(47,'Droge huid','Huid die trekkerig, schilferig of ruw aanvoelt door gebrek aan vocht of olie.'),(48,'Ruwe huid','Ongelijkmatige, schilferige of geïrriteerde huidstructuur.'),(49,'Haaruitval na bevalling','Verlies van haar als gevolg van hormonale veranderingen na zwangerschap.'),(50,'Diarree','Frequent waterige ontlasting, vaak veroorzaakt door infecties, voedselintolerantie of stress.'),(51,'Vermoeide ogen','Een gevoel van zwaarte, irritatie of wazig zien door langdurig gebruik van de ogen.'),(52,'Tranende ogen','Overmatige productie van tranen, vaak als reactie op irritatie of ontsteking.'),(53,'Nachtblindheid','Moeite om te zien bij weinig licht, vaak veroorzaakt door vitamine A-tekort.'),(54,'Huidveroudering','Natuurlijke afname van elasticiteit en stevigheid van de huid met het ouder worden.'),(55,'Rimpels','Fijne lijntjes en plooien in de huid, ontstaan door veroudering of externe schade zoals zonlicht.'),(56,'Zwangerschapsstriemen','Streepvormige huidbeschadigingen die ontstaan door snelle groei tijdens zwangerschap.'),(57,'Eczeem','Chronische ontstekingsaandoening van de huid, met jeuk, roodheid en soms schilfering.'),(58,'Psoriasis','Chronische huidaandoening waarbij huidcellen zich te snel vernieuwen, leidend tot schilferige plekken.'),(59,'Premenstrueel syndroom','Verschillende lichamelijke en emotionele klachten die optreden in de dagen voor de menstruatie.'),(60,'Luier­eczeem','Huidontsteking in het luiergebied bij baby\'s, veroorzaakt door vocht, wrijving en irriterende stoffen.'),(61,'Dauwworm','Een vorm van eczeem bij jonge kinderen met rode, jeukende en vochtige huiduitslag.'),(62,'Gewrichtsslijtage','Afbouw van het kraakbeen in de gewrichten, wat pijn en bewegingsbeperking veroorzaakt.'),(63,'Reuma','Chronische ontstekingsziekte van de gewrichten die leidt tot pijn, zwelling en verminderde mobiliteit.'),(64,'Artrose','Slijtage van het gewrichtskraakbeen, leidend tot pijn en stijfheid in de gewrichten.'),(65,'Jicht','Een vorm van ontstekingsreuma veroorzaakt door ophoping van urinezuurkristallen in de gewrichten.'),(66,'Colitis ulcerosa','Chronische ontstekingsziekte van de dikke darm, gekenmerkt door zweren en bloederige diarree.'),(67,'Ziekte van crohn','Chronische ontstekingsziekte die elk deel van het spijsverteringskanaal kan aantasten.'),(68,'Slijmbeursontsteking','Ontsteking van een slijmbeurs, meestal bij gewrichten zoals schouder, elleboog of heup.'),(69,'Carpaal tunnel syndroom','Beknelling van de middelste zenuw in de pols, leidend tot tintelingen, pijn en zwakte in de hand.'),(70,'Hielspoor','Pijnlijke verkalking onder het hielbot, vaak veroorzaakt door overbelasting van de peesplaat.'),(71,'Fibromyalgie','Chronisch pijnsyndroom gekenmerkt door spierpijn, vermoeidheid en slaapstoornissen.'),(72,'Haaruitval','Overmatig verlies van hoofdhaar, veroorzaakt door genetische, hormonale of externe factoren.'),(73,'Afgesleten kraakbeen','Verminderde kraakbeenlaag in gewrichten, wat leidt tot pijn en beperkte beweeglijkheid.'),(74,'Mee-eters','Verstopte huidporiën gevuld met talg en dode huidcellen, zichtbaar als zwarte of witte puntjes.'),(75,'Bloedarmoede','Een tekort aan rode bloedcellen of hemoglobine, leidend tot vermoeidheid en zwakte.'),(76,'Verstuiking','Overrekking of scheuring van banden rond een gewricht, vaak gepaard met zwelling en pijn.'),(77,'Kneuzingen','Beschadiging van weefsel onder de huid zonder open wond, zichtbaar als blauwe plekken.'),(78,'Voorhoofdsholte ontsteking','Ontsteking van de sinusholtes boven de ogen, leidend tot drukpijn en verstopte neus.'),(79,'Sinusitis','Ontsteking van de bijholten, vaak veroorzaakt door infecties, met symptomen als hoofdpijn en verstopte neus.'),(80,'Keelontsteking','Ontsteking van het slijmvlies in de keel, vaak veroorzaakt door een virus of bacterie.'),(81,'Amandelontsteking','Ontsteking van de keelamandelen, gekenmerkt door keelpijn, koorts en slikproblemen.'),(82,'Luchtweginfecties','Infecties van de luchtwegen zoals verkoudheid, bronchitis of longontsteking.'),(83,'Vaginitis','Ontsteking van de vagina, vaak gepaard met jeuk, afscheiding en irritatie.'),(84,'Herpes simplex','Virusinfectie die blaasjes veroorzaakt op huid en slijmvliezen, vooral rond mond of genitaliën.'),(85,'Griep','Virale infectie met plotselinge koorts, spierpijn, vermoeidheid en luchtwegklachten.'),(86,'Verkoudheid','Milde virale infectie van de bovenste luchtwegen met symptomen zoals loopneus en keelpijn.'),(87,'Koortsblaasjes','Pijnlijke blaasjes rond de lippen veroorzaakt door een herpes simplex-virusinfectie.'),(88,'Aften','Pijnlijke, kleine zweertjes in de mond die het eten en spreken kunnen bemoeilijken.'),(89,'Verminderde weerstand','Een verzwakt immuunsysteem waardoor infecties en ziekten sneller optreden.'),(90,'Ontstekingen','Reactie van het lichaam op beschadiging of infectie, vaak gepaard met roodheid, zwelling en pijn.'),(91,'Gewrichtsontstekingen','Ontstekingsreacties in de gewrichten die pijn, zwelling en stijfheid veroorzaken.'),(92,'Ontgifting na antibioticakuur','Ondersteuning van het lichaam bij het verwijderen van afvalstoffen na antibiotica-gebruik.'),(93,'Ziekte van lyme','Bacteriële infectie veroorzaakt door tekenbeten, met symptomen als huiduitslag, koorts en gewrichtspijn.'),(94,'Blaasontsteking','Infectie van de blaas, gekenmerkt door frequent urineren en branderig gevoel bij het plassen.'),(95,'Urineweginfectie','Infectie van de urinewegen zoals blaas, urineleiders of nieren, vaak gepaard met pijn en frequent urineren.'),(96,'Vaak urineren','Toegenomen aandrang om te plassen, vaak een symptoom van infecties of andere aandoeningen.'),(97,'Weinig urineren','Verminderde urineproductie, mogelijk veroorzaakt door uitdroging of nierproblemen.'),(98,'Branderig gevoel bij het plassen','Pijn of branderigheid tijdens het urineren, vaak een teken van een urineweginfectie.'),(99,'Sterk geurende urine','Ongebruikelijk sterke geur van urine, vaak veroorzaakt door infecties of dieetveranderingen.'),(100,'Galstenen (preventie)','Voorkomen van de vorming van verharde afzettingen van gal in de galblaas.'),(101,'Leverbeschadiging','Schade aan levercellen, vaak veroorzaakt door toxines, alcohol of infecties.'),(102,'Alcoholgebruik','Consumptie van alcoholhoudende dranken, met mogelijke negatieve gevolgen voor de gezondheid bij overmatig gebruik.'),(103,'Medicijngebruik','Inname van farmaceutische middelen, waarbij sommige medicijnen bijwerkingen of orgaanschade kunnen veroorzaken.'),(104,'Te hoog cholesterol','Verhoogde niveaus van cholesterol in het bloed, wat het risico op hart- en vaatziekten verhoogt.'),(105,'Candida','Schimmelinfectie veroorzaakt door een overgroei van de Candida-gist, vaak in mond, darmen of vagina.'),(106,'Witte vloed','Witte vaginale afscheiding, normaal of als symptoom van een infectie afhankelijk van de samenstelling.'),(107,'Gewrichtspijn','Pijn in één of meerdere gewrichten, veroorzaakt door ontsteking, slijtage of verwonding.'),(108,'Seksueel onvermogen','Moeilijkheden bij het bereiken of behouden van seksuele prestaties of bevrediging.'),(109,'Libido opwekkend','Bevordering van het seksuele verlangen en interesse.'),(110,'Depressiviteit','Aanhoudende gevoelens van neerslachtigheid, verlies van interesse en verminderde energie.'),(111,'Zenuwzwakte','Verzwakking van de zenuwfunctie, leidend tot gevoelsstoornissen of bewegingsproblemen.'),(112,'Frigiditeit','Verminderd of afwezig seksueel verlangen of respons, vaak bij vrouwen.'),(113,'Impetigo','Besmettelijke huidinfectie, vaak veroorzaakt door bacteriën, die blaasjes en korstjes veroorzaakt.'),(114,'Artritis','Ontsteking van één of meerdere gewrichten, gekenmerkt door pijn, zwelling en bewegingsbeperking.'),(115,'Ischias','Pijn die uitstraalt vanuit de onderrug naar het been door irritatie of beknelling van de heupzenuw.'),(116,'Peesontstekingen','Ontsteking van een pees, vaak door overbelasting of blessure, met pijn en zwelling als gevolg.'),(117,'Tennisarm','Ontsteking of irritatie van de pezen in de onderarm door overbelasting, resulterend in pijn rond de elleboog.'),(118,'Infecties','Het binnendringen en vermenigvuldigen van ziekteverwekkers zoals bacteriën, virussen of schimmels in het lichaam.'),(119,'Preventie van winterziekten','Ondersteuning van het immuunsysteem om infecties zoals griep en verkoudheid in de winter te voorkomen.'),(120,'Gebrek aan eetlust','Verminderde zin om te eten, vaak als gevolg van ziekte, stress of spijsverteringsproblemen.'),(121,'Gewichtstoename','Toename van lichaamsgewicht door een positieve energiebalans of onderliggende medische oorzaken.'),(122,'Bodybuilding','Activiteit gericht op spieropbouw en lichaamsversterking door krachttraining en voeding.'),(123,'Sporters','Personen die intensief fysiek actief zijn en specifieke ondersteuning nodig kunnen hebben voor herstel en prestaties.'),(124,'Borstgroei','Toename van borstweefsel, natuurlijk bij puberteit of zwangerschap, soms hormonaal beïnvloed.'),(125,'Borstvoeding stimuleren','Bevorderen van de melkproductie bij moeders die borstvoeding geven.'),(126,'Afslankkuren','Diëten of methoden gericht op gewichtsverlies door verminderde calorie-inname of verhoogde vetverbranding.'),(127,'Overgewicht','Te hoog lichaamsgewicht in verhouding tot lengte, wat gezondheidsrisico’s kan verhogen.'),(128,'Zwaarlijvigheid','Ernstige vorm van overgewicht (obesitas), geassocieerd met verhoogd risico op chronische ziekten.'),(129,'Trek in zoetigheid','Verhoogde behoefte aan suikerhoudende voedingsmiddelen, vaak gekoppeld aan bloedsuikerschommelingen.'),(130,'Snoep','Consumptie van suikerhoudende snacks, vaak in verband met verhoogde energiebehoefte of emotioneel eten.'),(131,'Cellulitis','Ophoping van vet onder de huid, resulterend in een bobbelige of sinaasappelhuidstructuur.'),(132,'Misselijkheid','Onaangenaam gevoel in de maag dat kan leiden tot de neiging om over te geven.'),(133,'Overgeven','Acutie lege maken van de maaginhoud via de mond, vaak als reactie op irritatie of ziekte.'),(134,'Reisziekte','Misselijkheid en duizeligheid veroorzaakt door bewegingsconflicten tijdens reizen per auto, boot of vliegtuig.'),(135,'Zwangerschapsbraken','Misselijkheid en braken tijdens de vroege zwangerschap, vaak veroorzaakt door hormonale veranderingen.'),(136,'Hoofdpijn','Pijn of drukgevoel in het hoofdgebied, variërend van mild tot ernstig.'),(137,'Migraine','Ernstige, vaak eenzijdige hoofdpijn, gepaard met misselijkheid, lichtgevoeligheid en soms aura\'s.'),(138,'Geheugenproblemen','Moeite met het onthouden of terughalen van informatie, variërend van mild tot ernstig.'),(139,'Concentratieverlies','Verminderde aandachtsspanne en moeite om gefocust te blijven op taken.'),(140,'Koude handen en voeten','Verminderde bloedcirculatie of lage lichaamstemperatuur, leidend tot koude extremiteiten.'),(141,'Ouderdomsvergeetachtigheid','Normale leeftijdsgebonden achteruitgang van het geheugen, vaak mild en geleidelijk.'),(142,'Oorsuizen (tinnitus)','Waarneming van geluid zoals zoemen of fluiten in de oren zonder externe geluidsbron.'),(143,'Energietekort','Gebrek aan fysieke of mentale energie om dagelijkse activiteiten uit te voeren.'),(144,'Spierpijn','Pijn of stijfheid in de spieren na inspanning, overbelasting of blessure.'),(145,'Verbetering van geestelijke prestaties','Verhoging van cognitieve functies zoals geheugen, concentratie en mentale scherpte.'),(146,'Inslaapproblemen','Moeite met het in slaap vallen, vaak veroorzaakt door stress, spanning of een verstoord slaapritme.'),(147,'Bedplassen','Onvrijwillig urineren tijdens de slaap, meestal bij kinderen maar soms ook bij volwassenen.'),(148,'Overactiviteit','Overmatige lichamelijke of mentale activiteit, vaak gepaard met rusteloosheid en impulsiviteit.'),(149,'Angst','Gevoel van nervositeit, onrust of vrees, vaak zonder directe aanleiding.'),(150,'Nachtmerries','Levendige, angstaanjagende dromen die de slaap verstoren en emotionele stress veroorzaken.'),(151,'Depressies','Langdurige periode van neerslachtigheid, verlies van interesse en verminderd functioneren.'),(152,'Spanningshoofdpijn','Doffe, drukkende hoofdpijn veroorzaakt door stress, spierspanning of vermoeidheid.'),(153,'Slaapproblemen','Algemene moeilijkheden met slapen, zoals moeite met inslapen, doorslapen of te vroeg wakker worden.'),(154,'Vermagering','Onbedoeld gewichtsverlies als gevolg van ziekte, slechte voeding of verhoogde stofwisseling.'),(155,'Vetverbranding van vetcellen','Proces waarbij opgeslagen vetten in het lichaam worden afgebroken voor energieverbruik.'),(156,'Reiniging talgklieren','Ondersteuning bij het ontstoppen en zuiveren van talgklieren om huidproblemen te verminderen.'),(157,'Suikerziekte (ouderdom)','Diabetes type 2, gekenmerkt door insulineresistentie en verhoogde bloedsuikerspiegels op latere leeftijd.'),(158,'Huidzuiverend','Bevordering van een gezonde huid door het verwijderen van onzuiverheden en toxines.'),(159,'Bloedzuiverend','Ondersteuning van het lichaam bij het verwijderen van afvalstoffen uit het bloed.'),(160,'Concentratiezwakte','Moeite om langdurig de aandacht vast te houden op een taak of activiteit.'),(161,'Afslanken','Vermindering van lichaamsgewicht en vetmassa door dieet, beweging of therapie.'),(162,'Osteoporose','Aandoening waarbij de botdichtheid afneemt, waardoor botten brozer en breekbaarder worden.'),(163,'Botontkalking','Verlies van mineralen uit botweefsel, wat leidt tot zwakkere botstructuren.'),(164,'Botbreuken','Breuken in het bot als gevolg van trauma, osteoporose of verhoogde kwetsbaarheid.'),(165,'Bindweefselzwakte','Verminderde stevigheid en elasticiteit van bindweefsel, wat kan leiden tot lichamelijke klachten.'),(166,'Tendinitis','Ontsteking van een pees, vaak veroorzaakt door overbelasting of herhaalde bewegingen.'),(167,'Slijmbeurstonstekingen','Ontsteking van een slijmbeurs die pijn en zwelling in de buurt van een gewricht veroorzaakt.'),(168,'Kalknagels','Verdikte, verkleurde nagels veroorzaakt door een schimmelinfectie of kalkafzetting.'),(169,'Slaapstoornissen','Brede groep aandoeningen die een goede slaap belemmeren, zoals slapeloosheid en slaapapneu.'),(170,'Overgangsklachten','Fysieke en emotionele symptomen zoals opvliegers en stemmingswisselingen rond de menopauze.'),(171,'Vochthoping','Ophoping van vocht in weefsels van het lichaam, vaak zichtbaar als zwelling.'),(172,'Oedeem','Medische term voor overmatige vochtophoping in lichaamsweefsels, vaak in benen of enkels.'),(173,'Eliminatie van afvalstoffen','Ondersteuning van het lichaam bij het verwijderen van opgehoopte afvalproducten via lever, nieren of huid.'),(174,'Dikke benen','Zwelling of ophoping van vocht of vet in de benen, wat kan leiden tot zwaarte en ongemak.'),(175,'Overgewicht door het vasthouden van vocht','Toename van lichaamsgewicht door ophoping van vocht in de weefsels.'),(176,'Vocht afdrijven','Stimulering van de verwijdering van overtollig vocht uit het lichaam via de nieren.'),(177,'Urineweginfecties','Infecties in de urinewegen zoals blaas, urineleiders of nieren, gepaard met pijn en vaak plassen.'),(178,'Dikke enkels','Zwelling rond de enkels, vaak door vochtophoping of circulatieproblemen.'),(179,'Geringe urineproductie','Verminderde hoeveelheid urine, mogelijk veroorzaakt door uitdroging of nierproblemen.'),(180,'Hongergevoel','Sterk verlangen naar voedsel, soms veroorzaakt door bloedsuikerschommelingen of emotionele factoren.'),(181,'Snoepzucht','Verhoogde trek in zoete voedingsmiddelen zoals snoep en chocolade.'),(182,'Snelle verzadiging','Vervroegd gevoel van volheid tijdens het eten, wat kan wijzen op spijsverteringsproblemen.'),(183,'Obstipatie (chronisch)','Langdurige problemen met trage of moeizame stoelgang.'),(184,'Trage darmwerking','Vertraagde beweging van voedsel door de darmen, leidend tot een opgeblazen gevoel en obstipatie.'),(185,'Slechte stoelgang','Onregelmatige, harde of moeilijke stoelgang, vaak gepaard met buikklachten.'),(186,'Opgroeiende kinderen','Kinderen in de groeifase die extra voedingsstoffen en ondersteuning nodig hebben.'),(187,'Herstel na botbreuken','Ondersteuning van het genezingsproces van gebroken botten door verbeterde mineralisatie en weefselherstel.'),(188,'Weerstand','Het vermogen van het lichaam om zich te verdedigen tegen infecties en ziekten.'),(189,'Huidaandoeningen','Verzameling van aandoeningen die de huid aantasten, zoals eczeem, acne of psoriasis.'),(190,'Allergieën','Overmatige immuunreacties op doorgaans onschuldige stoffen zoals pollen, voedsel of huisstofmijt.'),(191,'Droge ogen','Onvoldoende traanproductie of snelle verdamping van tranen, leidend tot irritatie en ongemak.'),(192,'Te hoog cholesterolgehalte','Verhoogde concentraties cholesterol in het bloed, wat het risico op hart- en vaatziekten verhoogt.'),(193,'Hoge bloeddruk','Verhoogde druk in de bloedvaten, wat het risico op hartziekten en beroertes verhoogt.'),(194,'Humerus­chromie',''),(195,'Dyslexie','Leerstoornis gekenmerkt door moeite met lezen, spellen en soms schrijven, ondanks normale intelligentie.'),(196,'Dyspraxie','Ontwikkelingsstoornis die invloed heeft op motorische vaardigheden en coördinatie.'),(197,'Brandend maagzuur','Branderig gevoel in de borstkas door terugvloeiend maagzuur naar de slokdarm.'),(198,'Maagpijn','Pijn in de maagstreek, veroorzaakt door irritatie, ontsteking of andere spijsverteringsproblemen.'),(199,'Vergroot uithoudingsvermogen','Versterking van de fysieke capaciteit om langdurige inspanningen vol te houden.'),(200,'Helpt (sport) prestaties te verbeteren','Ondersteuning van kracht, snelheid en herstel om sportieve prestaties te optimaliseren.'),(201,'Libido verhogen','Stimulering van het seksuele verlangen en bevordering van seksuele energie.'),(202,'Erectiestoornis','Onvermogen om een erectie te krijgen of te behouden voor bevredigende seksuele activiteit.'),(203,'Vruchtbaarheid (verhogend)','Bevordering van de voortplantingscapaciteit bij mannen en vrouwen.'),(204,'Verstoorde hormoonbalans','Onbalans in de productie of werking van hormonen, wat verschillende lichamelijke klachten kan veroorzaken.'),(205,'Te hoge bloeddruk','Verhoogde druk in de bloedvaten, wat het risico op hartproblemen en beroertes verhoogt.'),(206,'Hart- en vaatziekten (preventief)','Ondersteuning bij het voorkomen van aandoeningen aan het hart en de bloedvaten.'),(207,'Aderverkalking','Opstapeling van vetten en kalk in de bloedvaten, leidend tot verminderde doorbloeding.'),(208,'Licht verhoogde spanningen in de bloeddruk','Beginnende verhoging van de bloeddruk, vaak zonder duidelijke symptomen.'),(209,'Het in balans houden van de bloeddruk','Ondersteuning bij het behouden van gezonde bloeddrukwaarden.'),(210,'Leverreiniging','Stimulering van de leverfunctie om afvalstoffen efficiënter te verwerken en te verwijderen.'),(211,'Voedselvergiftiging','Acute ziekte door consumptie van besmet voedsel, leidend tot misselijkheid, braken en diarree.'),(212,'Bescherming longweefsel','Ondersteuning van de gezondheid van de longen tegen schadelijke invloeden zoals rook en infecties.'),(213,'Vermageringskuren','Programma’s gericht op gewichtsverlies door dieet, lichaamsbeweging of supplementen.'),(214,'Vetverbrander','Stimulering van de afbraak van vetreserves voor gebruik als energie.'),(215,'Overtollige kilo’s','Opstapeling van lichaamsvet die kan leiden tot overgewicht en gezondheidsrisico\'s.'),(216,'Maag- en darmkrampen','Plotselinge, pijnlijke samentrekkingen van maag of darmen, vaak door irritatie of spijsverteringsproblemen.'),(217,'Spijsverteringsstoornissen','Verzameling van klachten zoals misselijkheid, opgeblazen gevoel en obstipatie door verstoorde vertering.'),(218,'Examenstress','Gevoel van spanning en nervositeit rond examens of belangrijke toetsen.'),(219,'Plantenkoorts','Seizoensgebonden allergische reactie op stuifmeel van planten, leidend tot niezen en oogirritatie (hooikoorts).'),(220,'Hartkloppingen','Snelle, onregelmatige of hevige hartslagen die voelbaar zijn in de borst, keel of nek.'),(221,'Hart- en vaatziekten','Aandoeningen die het hart en de bloedvaten aantasten, zoals hartaanval en beroerte.'),(222,'Hartritmestoornissen','Onregelmatige hartslag, variërend van te snel, te langzaam of chaotisch ritme.'),(223,'Pijn op de borst','Onaangenaam gevoel of pijn in de borststreek, mogelijk veroorzaakt door hart- of spijsverteringsproblemen.'),(224,'Prostaatvergroting','Vergroting van de prostaatklier, vaak leidend tot problemen met urineren bij oudere mannen.'),(225,'Pijn bij het urineren','Branderige of stekende pijn tijdens het plassen, vaak wijzend op een infectie of irritatie.'),(226,'Nadruppelen van urine','Onvrijwillige lekkage van urine na het plassen door onvoldoende afsluiting van de plasbuis.'),(227,'Ongewenst urineverlies','Onvrijwillige urinelozing, variërend van druppels tot volledige incontinentie.'),(228,'Slechte adem','Onaangename geur uit de mond, vaak veroorzaakt door bacteriën of slechte mondhygiëne.'),(229,'Winderigheid','Overmatige gasvorming in de darmen, leidend tot het laten van wind.'),(230,'Mondflora problemen','Verstoring van het evenwicht van bacteriën in de mond, leidend tot problemen zoals slechte adem of tandvleesontstekingen.'),(231,'Doorslaapproblemen','Moeite om de slaap de hele nacht vast te houden, resulterend in frequent wakker worden.'),(232,'Nachtelijk ontwaken','Herhaaldelijk wakker worden tijdens de nacht, vaak leidend tot verminderde slaapkwaliteit.'),(233,'Opgehoopte toxines','Ophoping van schadelijke stoffen in het lichaam die kan leiden tot verminderde gezondheid en klachten.'),(234,'Detox','Reinigingsproces waarbij het lichaam wordt ondersteund in het verwijderen van afvalstoffen en toxines.'),(235,'Ontgiften van het lichaam','Stimulatie van natuurlijke processen om schadelijke stoffen uit het lichaam te verwijderen.'),(236,'Gal- en nierstenen','Vorming van verharde afzettingen in de galblaas of nieren, die pijn en obstructies kunnen veroorzaken.'),(237,'Voorkomen van migraine','Ondersteuning bij het verminderen van de frequentie en ernst van migraineaanvallen.'),(238,'Celveroudering','Processen waarbij cellen beschadigd raken en hun functie verliezen door onder andere oxidatieve stress.'),(239,'Cholesterol','Vette stof in het bloed die nodig is voor lichaamsfuncties, maar bij teveel gezondheidsrisico\'s geeft.'),(240,'Veroudering van de huid','Afname van elasticiteit, stevigheid en vochtgehalte van de huid door natuurlijke veroudering.'),(241,'Immuunsysteem (verzwakt)','Verminderde afweer tegen ziekteverwekkers, leidend tot verhoogde gevoeligheid voor infecties.'),(242,'Verlagen bloeddruk','Ondersteuning bij het bereiken en behouden van gezonde bloeddrukwaarden.'),(243,'Haarverlies en misselijkheid (chemokuur)','Bijwerkingen van chemotherapie zoals haaruitval en misselijkheid.'),(244,'Chronische vermoeidheid (burn-out)','Langdurige fysieke en mentale uitputting door overbelasting of stress.'),(245,'Bloedend tandvlees','Symptoom van tandvleesontsteking, vaak veroorzaakt door onvoldoende mondhygiëne.'),(246,'Parodontitis','Ernstige tandvleesontsteking die leidt tot aantasting van steunweefsels en verlies van tanden.'),(247,'Loszittende tanden','Gevolg van verzwakt tandvlees en kaakbot, vaak door gevorderde tandvleesaandoeningen.'),(248,'Herstel na ziekte','Ondersteuning van het lichamelijk en mentaal herstel na een periode van ziekte.'),(249,'Tintelingen in handen en voeten','Prikkelend, doof of brandend gevoel in de extremiteiten, vaak door zenuwproblemen.'),(250,'Activering van het afweersysteem','Stimulatie van het immuunsysteem om het lichaam beter te laten reageren op infecties.'),(251,'Stimulatie van het immuunsysteem','Versterking van de natuurlijke afweermechanismen van het lichaam.'),(252,'Bestrijding bacteriën virussen en schimmels','Ondersteuning van het lichaam bij het tegengaan van infectieuze micro-organismen.'),(253,'Ontstekingen (keel huidinfecties etc.)','Behandeling en vermindering van ontstekingsreacties in keel, huid en andere weefsels.'),(254,'Prestatiedruk','Stress of spanning door hoge verwachtingen in werk, studie of sport.'),(255,'Vermindering energie door onrust of drukke werkzaamheden','Energiedaling als gevolg van mentale overbelasting of stressvolle activiteiten.'),(256,'Verminderd uithoudingsvermogen','Afname van de capaciteit om fysieke of mentale inspanningen langdurig vol te houden.'),(257,'Geestelijke druk en inspanning','Mentale belasting en stress door intensieve denk- of prestatietaken.'),(258,'Overbelasting van lichaam en geest','Fysieke en psychische uitputting door langdurige belasting zonder voldoende herstel.'),(259,'Kortstondige stress','Tijdelijke stressreactie op acute situaties die het lichaam kortdurend onder druk zet.'),(260,'Opvliegers','Plotselinge warmte-aanvallen vaak voorkomend tijdens de overgang, soms met zweten en roodheid.'),(261,'Stemmingswisselingen','Snelle veranderingen in emotionele stemming, vaak zonder duidelijke aanleiding.'),(262,'Nachtelijk transpireren','Overmatig zweten tijdens de slaap, vaak veroorzaakt door hormonale veranderingen of infecties.'),(263,'Osteoporose (preventief)','Ondersteuning bij het voorkomen van botontkalking door het versterken van botstructuren.'),(264,'Te hoge triglyceriden','Verhoogde vetwaarden in het bloed die het risico op hart- en vaatziekten kunnen vergroten.'),(265,'Geestelijke vermoeidheid','Mentale uitputting door langdurige stress, overbelasting of concentratieverlies.'),(266,'Verlaagd libido','Afname van het seksuele verlangen, vaak door hormonale of psychische oorzaken.'),(267,'Bekkenbodeminstabiliteit','Verminderde kracht of controle van de bekkenbodemspieren, leidend tot klachten zoals urineverlies.'),(268,'Lichamelijke vermoeidheid','Uitputting van het lichaam, vaak door fysieke inspanning, ziekte of slaaptekort.'),(269,'Kinderen in de groei','Ondersteuning van de lichamelijke en mentale ontwikkeling van opgroeiende kinderen.'),(270,'Gevoeligheid voor veroudering','Versneld optreden van leeftijdsgebonden veranderingen in lichaam en geest.'),(271,'Andropauze','Hormonale veranderingen bij mannen op middelbare leeftijd, vergelijkbaar met de vrouwelijke menopauze.'),(272,'Onregelmatige menstruatie','Variaties in duur, intensiteit of frequentie van de menstruatiecyclus.'),(273,'Virusinfecties','Ziekten veroorzaakt door virussen, zoals griep, verkoudheid of herpes.'),(274,'Zweetvoeten','Overmatige transpiratie van de voeten, vaak gepaard met geurvorming.'),(275,'Neerslachtigheid','Aanhoudend gevoel van somberheid of verlies van levensvreugde.'),(276,'Depressie','Psychische aandoening gekenmerkt door langdurige neerslachtigheid, verlies van interesse en energie.'),(277,'Geestelijke disbalans','Verstoorde mentale toestand, vaak gepaard met wisselende stemmingen en verminderde veerkracht.'),(278,'Angst (aanvallen)','Plotselinge, intense episodes van angst en paniek, vaak zonder directe aanleiding.'),(279,'Stemmingsstoornis','Psychische aandoening waarbij stemming langdurig abnormaal verhoogd of verlaagd is.'),(280,'Vitaliteit (gebrek aan)','Tekort aan energie, levenslust en motivatie om dagelijkse activiteiten uit te voeren.'),(281,'Lage energieniveaus','Verminderde fysieke of mentale kracht, resulterend in snel optreden van vermoeidheid.'),(282,'Diabetes type 2','Chronische stofwisselingsziekte gekenmerkt door insulineresistentie en hoge bloedsuikerwaarden.'),(283,'Sombere stemming','Aanhoudend gevoel van melancholie of verdriet zonder duidelijke oorzaak.'),(284,'Tabaksverslaving','Afhankelijkheid van nicotinegebruik, vaak leidend tot gezondheidsproblemen.'),(285,'Menstruatieklachten','Pijn, krampen of andere ongemakken die optreden rondom de menstruatie.'),(286,'Premenstrueel syndroom (pms)','Verzameling van fysieke en emotionele symptomen in de dagen voorafgaand aan de menstruatie.'),(287,'Gespannen borsten','Pijnlijke of gezwollen borsten, vaak gerelateerd aan hormonale schommelingen.'),(288,'Maag-darmkramp','Pijnlijke samentrekkingen van de spieren in maag of darmen, vaak gepaard met spijsverteringsklachten.'),(289,'Onvoldoende borstvoeding','Onvoldoende melkproductie bij vrouwen die borstvoeding geven.'),(290,'Hooikoorts','Allergische reactie op pollen, met symptomen zoals niezen, jeukende ogen en loopneus.'),(291,'Jeuk','Onaangename sensatie van de huid die leidt tot de behoefte om te krabben.'),(292,'Huisstofmijtallergie','Allergische reactie op uitwerpselen van huisstofmijten, vaak met symptomen zoals niezen en jeukende ogen.'),(293,'Allergie','Overmatige reactie van het immuunsysteem op doorgaans onschadelijke stoffen zoals pollen, voedsel of dieren.'),(294,'Huidproblemen','Verzameling van aandoeningen zoals eczeem, acne, psoriasis of schimmelinfecties die de huid aantasten.'),(295,'Astma','Chronische ontstekingsziekte van de luchtwegen, gekenmerkt door benauwdheid, hoesten en piepende ademhaling.'),(296,'Bronchitis','Ontsteking van de luchtwegen in de longen, vaak gepaard met hoesten en slijmvorming.'),(297,'Baarmoederverzakking','Verzakking van de baarmoeder in de vagina als gevolg van verzwakte bekkenbodemspieren.'),(298,'Menstruatiepijn','Pijnlijke samentrekkingen van de baarmoeder tijdens de menstruatie.'),(299,'Pms','Premenstrueel syndroom: fysieke en emotionele klachten die enkele dagen voor de menstruatie optreden.'),(300,'Overmatige menstruatie','Zeer zware of langdurige menstruatiebloedingen, medisch ook wel menorragie genoemd.'),(301,'Zwakte (gebrek aan)','Algemeen gevoel van lichamelijke krachteloosheid of verminderde energie.'),(302,'Spierzwakte','Verminderde kracht in één of meerdere spiergroepen, leidend tot bewegingsbeperkingen.'),(303,'Covid-19','Virale infectie veroorzaakt door het coronavirus SARS-CoV-2, met symptomen variërend van mild tot ernstig.'),(304,'Ziekte van pfeiffer','Infectieuze mononucleosis, veroorzaakt door het Epstein-Barr-virus, gekenmerkt door extreme vermoeidheid en koorts.'),(305,'Ziekte van parkinson','Progressieve neurologische aandoening die beweging, spiercontrole en evenwicht aantast.'),(306,'Ziekte van sjögren','Auto-immuunziekte die leidt tot droogte van ogen, mond en andere slijmvliezen.'),(307,'Ziekte van hirschsprung','Aangeboren aandoening waarbij zenuwcellen in delen van de dikke darm ontbreken, leidend tot ernstige obstipatie.'),(308,'Prikkelbare darm syndroom','Chronische darmaandoening gekenmerkt door buikpijn, een opgeblazen gevoel en veranderingen in de stoelgang.'),(309,'Kaalheid (mannen)','Erfelijke haaruitval bij mannen, beginnend met terugtrekkende haarlijn en dunner wordend haar op de kruin.'),(310,'Nycturie (nachtelijk plassen)','Frequent wakker worden \'s nachts om te plassen, vaak als gevolg van medische aandoeningen.'),(311,'Incontinentie','Onvrijwillig verlies van urine of ontlasting, variërend van druppels tot volledige controleverlies.'),(312,'Moeilijk plassen','Moeizame urinelozing, vaak veroorzaakt door blokkades of infecties van de urinewegen.'),(313,'Zin in sex','Behoefte of verlangen naar seksuele activiteit, beïnvloed door fysieke, hormonale en emotionele factoren.');
/*!40000 ALTER TABLE `klachten` ENABLE KEYS */;
UNLOCK TABLES;

--
-- Table structure for table `klanten`
--

DROP TABLE IF EXISTS `klanten`;
/*!40101 SET @saved_cs_client     = @@character_set_client */;
/*!50503 SET character_set_client = utf8mb4 */;
CREATE TABLE `klanten` (
  `id` int NOT NULL AUTO_INCREMENT,
  `naam` varchar(255) COLLATE utf8mb4_unicode_ci NOT NULL,
  `emailadres` text COLLATE utf8mb4_unicode_ci,
  `telefoon` text COLLATE utf8mb4_unicode_ci,
  `adres` text COLLATE utf8mb4_unicode_ci,
  PRIMARY KEY (`id`)
) ENGINE=InnoDB AUTO_INCREMENT=6 DEFAULT CHARSET=utf8mb4 COLLATE=utf8mb4_unicode_ci;
/*!40101 SET character_set_client = @saved_cs_client */;

--
-- Dumping data for table `klanten`
--

LOCK TABLES `klanten` WRITE;
/*!40000 ALTER TABLE `klanten` DISABLE KEYS */;
/*!40000 ALTER TABLE `klanten` ENABLE KEYS */;
UNLOCK TABLES;

--
-- Table structure for table `notities`
--

DROP TABLE IF EXISTS `notities`;
/*!40101 SET @saved_cs_client     = @@character_set_client */;
/*!50503 SET character_set_client = utf8mb4 */;
CREATE TABLE `notities` (
  `id` int NOT NULL AUTO_INCREMENT,
  `klant_id` int DEFAULT NULL,
  `inhoud` text COLLATE utf8mb4_unicode_ci,
  `datum` timestamp NULL DEFAULT CURRENT_TIMESTAMP,
  PRIMARY KEY (`id`),
  KEY `klant_id` (`klant_id`),
  CONSTRAINT `notities_ibfk_1` FOREIGN KEY (`klant_id`) REFERENCES `klanten` (`id`)
) ENGINE=InnoDB AUTO_INCREMENT=8 DEFAULT CHARSET=utf8mb4 COLLATE=utf8mb4_unicode_ci;
/*!40101 SET character_set_client = @saved_cs_client */;

--
-- Dumping data for table `notities`
--

LOCK TABLES `notities` WRITE;
/*!40000 ALTER TABLE `notities` DISABLE KEYS */;
/*!40000 ALTER TABLE `notities` ENABLE KEYS */;
UNLOCK TABLES;

--
-- Table structure for table `paddenstoelen`
--

DROP TABLE IF EXISTS `paddenstoelen`;
/*!40101 SET @saved_cs_client     = @@character_set_client */;
/*!50503 SET character_set_client = utf8mb4 */;
CREATE TABLE `paddenstoelen` (
  `id` int NOT NULL AUTO_INCREMENT,
  `nederlandse_naam` text COLLATE utf8mb4_unicode_ci NOT NULL,
  `japanse_naam` text COLLATE utf8mb4_unicode_ci,
  `chinese_naam` text COLLATE utf8mb4_unicode_ci,
  `latijnse_naam` text COLLATE utf8mb4_unicode_ci,
  `familie` text COLLATE utf8mb4_unicode_ci,
  `belangrijkste_werkzame_stoffen` text COLLATE utf8mb4_unicode_ci,
  `toepassing` text COLLATE utf8mb4_unicode_ci,
  `werking` text COLLATE utf8mb4_unicode_ci,
  PRIMARY KEY (`id`)
) ENGINE=InnoDB AUTO_INCREMENT=25 DEFAULT CHARSET=utf8mb4 COLLATE=utf8mb4_unicode_ci;
/*!40101 SET character_set_client = @saved_cs_client */;

--
-- Dumping data for table `paddenstoelen`
--

LOCK TABLES `paddenstoelen` WRITE;
/*!40000 ALTER TABLE `paddenstoelen` DISABLE KEYS */;
INSERT INTO `paddenstoelen` VALUES (5,'Honingzwam','Narataka','Mi Huan Jun','Armillaria mellea','Physalacriaceae','[\"Polysaccharide armillirikine\", \"Armillaridine\", \"Tryptamine\", \"L-tryptofaan\", \"Serotonine\", \"Nucleoside derivaten\"]','[\"immuunsysteem\", \"neurologische aandoeningen\", \"aandoeningen zenuwstelsel\", \"slapeloosheid\", \"epilepsie\", \"hoge bloeddruk\", \"neurasthenie (zenuwzwakte)\", \"neuropathie\", \"ziekte van Ménière\"]','[\"immunomodulerend\", \"antitumoraal\", \"antibacterieel\", \"antioxidant\", \"schimmelwerend\", \"anti-aging\"]'),(6,'Judasoor','Kikurage','Heimu\'er','Auricularia auricula-judae','Auriculariaceae','[\"Polysaccharide mannose\", \"Xylose\", \"D-glucuronzuur\"]','[\"immuunsysteem\", \"geslachtsdelen\", \"huid\", \"pancreas\", \"lever\", \"milt\", \"zintuigen\", \"hart en vaatstelsel\", \"maag-darmstelsel\", \"vrouwelijke geslachtsklieren\", \"hersenen en zenuwstelsel\", \"haar en haarimplant\", \"hormonen\"]','[\"immunomodulerend\", \"antitumoraal\", \"antioxidant\", \"cholesterolverlagend\", \"regulering bloedsuikerspiegel\", \"libidoverhogend (vrouw)\", \"ontstekingsremmend\", \"anti-inflammatoir\", \"hormoonregulerend\", \"bloeddrukverlagend\"]'),(7,'Inktzwam, Aspergezwam','Sasakure Hitoyotake','Ji Tui Mo','Coprinus comatus','Agaricaceae','[\"Polysacchariden\", \"Maltase\", \"Tyrosinase\", \"Comatin\"]','[\"immuunsysteem\", \"pancreas\", \"dikke darm\", \"longen\", \"lever\", \"hart en vaatstelsel\", \"bind- en steunweefsel\", \"mannelijke geslachtsklieren\"]','[\"immunomodulerend\", \"antiviraal\", \"regulering metabolisme\", \"regulering darmflora\", \"regulering bloedsuikerspiegel\", \"antitumoraal\", \"antioxidant\"]'),(8,'Cordyceps','Tochukaso','Dongchongxiacou','Cordyceps sinensis','Ophiocordycipitaceae','[\"Polysacchariden\", \"Cordysinins\", \"Glutaminezuur\", \"Cordyceptinezuren\", \"Polyaminen\", \"Nucleosiden\", \"Aurantiamides\", \"Melanine\"]','[\"immuunsysteem\", \"longen\", \"lever\", \"nieren\", \"hart en vaatstelsel\", \"haar en haarimplant\", \"endocriene klieren\", \"geslachtsorganen\"]','[\"immunomodulerend\", \"antitumoraal\", \"libidoverhogend (man en vrouw)\", \"antiviraal en antibacterieel\", \"antioxidant\", \"ontgiftend\", \"adaptogeen\", \"anti-aging\", \"anti-inflammatoir\", \"hormoonregulerend\", \"cognitief ondersteunend\", \"conditieverhogend\"]'),(9,'Elfenbankje','Kawaratake','Yun Zhi','Coriolus versicolor, Trametes versicolor, Polyporus versicolor','Polyporaceae','[\"Polysaccharide-K (PSK)\", \"Polysaccharide-P (PSP)\", \"Polysaccharide VSP\", \"Beta-glucanen 1.3, 1.4 en 1.6\", \"Ergocalciferol\", \"Triterpenen\", \"Coriolan\"]','[\"immuunsysteem\", \"nieren\", \"lever\", \"milt\", \"hart en vaatstelsel\", \"longen en luchtwegen\", \"geslachtsorganen\", \"endocriene klieren\", \"maag-darmstelsel\", \"zintuigen\"]','[\"immunomodulerend\", \"antitumoraal\", \"antiviraal en antibacterieel\", \"antioxidant\", \"ontstekingsremmend\", \"anti-inflammatoir\", \"schimmelwerend\", \"hormoonregulerend\", \"bloeddrukverlagend\"]'),(10,'Enokitake','Enokitake','Jin Zhen Gu','Flammulina velutipes','Physalacriaceae','[\"Polysacchariden\", \"Antioxidanten\", \"Enoki-chitosan\", \"Linolzuur\", \"Valine\", \"Lysine\", \"Ergothioneïne\"]','[\"immuunsysteem\", \"lever\", \"pancreas\", \"hersenen\", \"hart en vaatstelsel\", \"maag-darmstelsel\"]','[\"immunomodulerend\", \"antibacterieel\", \"antitumoraal\", \"regulering bloedsuikerspiegel\", \"regulering metabolisme\", \"histamine verlagend\", \"cognitief ondersteunend\"]'),(11,'Apotheker- of Purgeerzwam','Eburico','Agaricon','Fomitopsis officinalis','Fomitopsidaceae','[\"Polysacchariden\", \"Mannose\", \"Xylose\", \"Antioxidanten\", \"Lipiden\", \"Ergocalciferol\", \"Triterpenen\"]','[\"immuunsysteem\", \"gewrichten en spieren\", \"zenuwstelsel\", \"skelet\", \"huid\"]','[\"immunomodulerend\", \"antitumoraal\", \"bloeddrukregulerend\", \"antioxidant\", \"antiviraal en antibacterieel\", \"ontstekingsremmend\", \"histamine verlagend\"]'),(12,'Maitake','Maitake','Huishuhua, Keisho','Grifola frondosa','Meripilaceae','[\"Polysacchariden (grifolan)\", \"Antioxidanten\", \"Lipiden en fosfolipiden\", \"Ergocalciferol\", \"Monoxyloglucaan\", \"Xyloglucaan\", \"GFL (N-acetylgalactosamine-lectine)\"]','[\"immuunsysteem\", \"pancreas\", \"lever\", \"longen\", \"huid\", \"nieren\", \"bloed\", \"hart en vaatstelsel\", \"maag-darmstelsel\", \"endocriene klieren\", \"geslachtsklieren\"]','[\"immunomodulerend\", \"antitumoraal\", \"bloeddrukregulerend\", \"regulering bloedsuikerspiegel\", \"schimmelwerend\", \"anti-inflammatoir\", \"regulering metabolisme\", \"cholesterolverlagend\", \"antioxidant\"]'),(13,'Pruikzwam','Yamabushitake','Hou Tuo Gu','Hericium erinaceus','Hericiaceae','[\"Polysaccharide HEM\", \"Erinacine\", \"Hericenone\", \"Di- en triterpenen\"]','[\"immuunsysteem\", \"huid\", \"hersenen en zenuwstelsel\", \"maag-darmstelsel\", \"endocriene klieren\", \"spieren en gewrichten\", \"zintuigen\"]','[\"immunomodulerend\", \"antitumoraal\", \"antiviraal en antibacterieel\", \"antioxidant\", \"ontstekingsremmend\", \"anti-inflammatoir\", \"schimmelwerend\", \"hormoonregulerend\", \"cognitief ondersteunend\"]'),(14,'Berkenweerschijnzwam','','Bai Hua Rong','Inonotus obliquus','Hymenochaetaceae','[\"Polysacchariden\", \"Betuline\", \"Melanine\", \"Flavonoïden (quercetine, apigenine, naringenine)\", \"Polyfolen\", \"Steroïden (lanosterol, inotodiol, ergocalciferol, fecosterol, episterol)\"]','[\"immuunsysteem\", \"lever\", \"huid (psoriasis)\", \"prostaat\", \"hart en vaatstelsel\", \"maag-darmstelsel\", \"botten en gewrichten\"]','[\"immunomodulerend\", \"antitumoraal\", \"antiviriaal\", \"antioxidant\"]'),(15,'Shiitake','Shiitake','Xiang gu','Lentinula edodes','Marasmiaceae','[\"Lentinan\", \"Mannoglucan\", \"Lentinanmicin\", \"Lentionine\", \"Eritadenine\", \"Ethylacetaat\", \"Lentin\", \"Lentysine\", \"Lectine\"]','[\"immuunsysteem\", \"lever\", \"longen\", \"pancreas\", \"bloed\", \"zintuigen\", \"grote hersenen\", \"hart en vaatstelsel\", \"maag-darmstelsel\", \"spieren en gewrichten\", \"skelet\", \"gebit\"]','[\"immunomodulerend\", \"antitumoraal\", \"antiviraal en antibacterieel\", \"antioxidant\", \"ontstekingsremmend\", \"anti-inflammatoir\", \"schimmelwerend\", \"regulering bloedsuikerspiegel\", \"bloeddrukverlagend\"]'),(16,'Tijgermelk','','','Lignosus rhinocerus','Polyporaceae','[\"Polysacchariden\", \"Antioxidanten\", \"Fenol\", \"Triterpenen\", \"Sclerotium\"]','[\"immuunsysteem\", \"longen\", \"lever\", \"maag\", \"nieren\", \"wondbehandeling\"]','[\"immunomodulerend\", \"antitumoraal\", \"antiproliferatief\", \"antioxidant\", \"antiviraal en antibacterieel\", \"ontstekingsremmend\"]'),(17,'Phellinus linteus','Mesima, Meshimakobu','Song-gen','Phellinus linteus','Hymenochaetaceae','[\"Polysacchariden\", \"Protocatechuïnezuur\", \"Cafeïnezuur\", \"Hispidin\", \"Hypholomine B\", \"Interfungis A\", \"Inoscavin A\", \"Hispolon\"]','[\"immuunsysteem\", \"lever\", \"longen\", \"pancreas\", \"huid\", \"prostaat\", \"hart en vaatstelsel\", \"botten en gewrichten\"]','[\"immunomodulerend\", \"antitumoraal\", \"antioxidant\", \"bloedsuikerspiegel regulerend\", \"antiviraal en antibacterieel\", \"histamineverlagend\"]'),(18,'Oesterzwam','Hiratake','Pinggu','Pleurotus ostreatus','Pleurotaceae','[\"Polysacchariden\", \"Ergothioneïne\", \"Benzaldehyde\", \"Lovastatine\"]','[\"immuunsysteem\", \"lever\", \"longen\", \"pancreas\", \"hart en vaatstelsel\", \"mannelijke geslachtsklieren\", \"spieren en gewrichten\"]','[\"immunomodulerend\", \"antitumoraal\", \"antiviraal en antibacterieel\", \"histamine verlagend\", \"ontstekingsremmend\", \"anti-inflammatoir\", \"anti-atherogeen\"]'),(19,'Eikhaas','Chorei','Zhuling','Polyporus umbellatus','Polyporaceae','[\"Polysacchariden\", \"Antioxidanten\", \"Lipiden en fosfolipiden\", \"Ergosterol\", \"Ecdysteroïden\", \"Mono-xyloglucan\", \"Xyloglucan\"]','[\"immuunsysteem\", \"zintuigen\", \"nieren\", \"blaas\", \"lever\", \"longen\", \"milt\", \"lymfen\", \"hart en vaatstelsel\", \"maag-darmstelsel\", \"haar en haarimplant\"]','[\"immunomodulerend\", \"antitumoraal\", \"antiviraal en antibacterieel\", \"schimmelwerend\", \"anti-inflammatoir\", \"ontstekingsremmend\"]'),(20,'Poria cocos','Bukuryo Matsuhodo','Fu ling','Poria cocos','Polyporaceae','[\"Polysacchariden\", \"Ergocalciferol\", \"Caprylzuur\", \"Laurinezuur\", \"Fungisterol\", \"Choline\", \"Fosfolipiden\"]','[\"immuunsysteem\", \"pancreas\", \"lever\", \"longen\", \"huid\", \"prostaat\", \"nieren\", \"hart en vaatstelsel\", \"maag-darmstelsel\"]','[\"immunomodulerend\", \"antitumoraal\", \"antioxidant\", \"regulering bloedsuikerspiegel\", \"antiviraal\", \"regulering metabolisme\", \"ontstekingsremmend\", \"histamineverlagend\", \"hiv- en aids-gerelateerde aandoeningen\"]'),(21,'Waaiertje','Suehirotake','Ba dan Chai','Schizophyllum commune','Schizophyllaceae','[\"Polysaccharide schizophyllan (SPG)\", \"Polysaccharide sonifilan\", \"Polysaccharide sizofiran\", \"Arabinoxylaan\"]','[\"immuunsysteem\", \"huidaandoeningen\", \"vrouwelijke geslachtsorganen\", \"menopauze\", \"reuma\", \"lymfesysteem\"]','[\"immunomodulerend\", \"antitumoraal\", \"antibacterieel en antiviraal\", \"antioxidant\", \"endocriene klieren\", \"schimmelwerend\", \"ontstekingsremmend\", \"anti-inflammatoir\"]'),(22,'Zilveroortje','Shirokikurage, Hakumokuji','Yin Er','Tremella fuciformis','Tremellaceae','[\"Polysaccharide WTF-B\", \"Erinacine\", \"Hericenone\", \"Triterpenen\"]','[\"lever\", \"huid\", \"pancreas\", \"nieren\", \"zenuwen\", \"longen en luchtwegen\", \"hersenen (cognitief)\", \"hart en vaatstelsel\", \"maag-darmstelsel\", \"skelet\"]','[\"anti-aging\", \"immunomodulerend\", \"antitumoraal\", \"hydraterend\", \"regulering bloedsuikerspiegel\"]');
/*!40000 ALTER TABLE `paddenstoelen` ENABLE KEYS */;
UNLOCK TABLES;

--
-- Table structure for table `plant_klacht`
--

DROP TABLE IF EXISTS `plant_klacht`;
/*!40101 SET @saved_cs_client     = @@character_set_client */;
/*!50503 SET character_set_client = utf8mb4 */;
CREATE TABLE `plant_klacht` (
  `id` int NOT NULL AUTO_INCREMENT,
  `plant_id` int NOT NULL,
  `klacht_id` int NOT NULL,
  PRIMARY KEY (`id`),
  KEY `plant_id` (`plant_id`),
  KEY `klacht_id` (`klacht_id`),
  CONSTRAINT `plant_klacht_ibfk_1` FOREIGN KEY (`plant_id`) REFERENCES `planten` (`id`),
  CONSTRAINT `plant_klacht_ibfk_2` FOREIGN KEY (`klacht_id`) REFERENCES `klachten` (`id`)
) ENGINE=InnoDB AUTO_INCREMENT=471 DEFAULT CHARSET=utf8mb4 COLLATE=utf8mb4_unicode_ci;
/*!40101 SET character_set_client = @saved_cs_client */;

--
-- Dumping data for table `plant_klacht`
--

LOCK TABLES `plant_klacht` WRITE;
/*!40000 ALTER TABLE `plant_klacht` DISABLE KEYS */;
INSERT INTO `plant_klacht` VALUES (6,2,6),(7,2,7),(8,2,8),(9,2,9),(10,2,10),(11,2,2),(12,2,11),(13,2,12),(14,2,13),(15,2,14),(16,3,6),(17,3,15),(18,3,16),(19,3,17),(20,3,18),(21,3,19),(22,3,20),(23,3,21),(24,3,22),(25,4,23),(26,4,24),(27,4,25),(28,4,26),(29,4,27),(30,4,28),(31,4,29),(32,5,30),(33,5,31),(34,5,32),(35,5,33),(36,5,34),(37,5,29),(38,5,35),(39,6,36),(40,6,37),(41,6,38),(42,6,39),(43,6,40),(44,6,41),(45,7,42),(46,7,43),(47,7,44),(48,7,45),(49,7,46),(50,7,47),(51,7,48),(52,7,49),(53,7,1),(54,8,50),(55,8,7),(56,8,51),(57,8,52),(58,8,53),(59,8,11),(60,9,54),(61,9,55),(62,9,56),(63,9,57),(64,9,58),(65,9,59),(66,9,60),(67,9,61),(68,10,62),(69,10,63),(70,10,64),(71,10,65),(72,10,66),(73,10,67),(74,10,68),(75,10,69),(76,10,70),(77,10,71),(78,11,72),(79,11,43),(80,11,73),(81,11,45),(82,11,74),(83,11,75),(84,11,76),(85,11,77),(86,12,78),(87,12,79),(88,12,80),(89,12,81),(90,12,82),(91,12,83),(92,12,84),(93,12,85),(94,12,86),(95,13,87),(96,13,88),(97,13,89),(98,13,90),(99,13,91),(100,13,92),(101,13,67),(102,13,93),(103,14,94),(104,14,95),(105,14,96),(106,14,97),(107,14,98),(108,14,99),(109,15,66),(110,15,67),(111,15,100),(112,15,101),(113,15,102),(114,15,103),(115,15,104),(116,15,105),(117,15,106),(118,15,107),(119,16,108),(120,16,109),(121,16,110),(122,16,111),(123,16,112),(124,17,57),(125,17,58),(126,17,60),(127,17,61),(128,17,113),(129,17,45),(130,18,63),(131,18,107),(132,18,64),(133,18,114),(134,18,115),(135,18,65),(136,18,116),(137,18,117),(138,18,76),(139,19,85),(140,19,86),(141,19,118),(142,19,90),(143,19,89),(144,19,119),(145,20,120),(146,20,19),(147,20,121),(148,20,122),(149,20,123),(150,20,124),(151,20,125),(152,21,126),(153,21,127),(154,21,128),(155,21,129),(156,21,130),(157,21,131),(158,22,132),(159,22,133),(160,22,134),(161,22,135),(162,22,136),(163,22,137),(164,23,138),(165,23,139),(166,23,140),(167,23,141),(168,23,142),(169,24,27),(170,24,12),(171,24,143),(172,24,144),(173,24,145),(174,25,146),(175,25,147),(176,25,148),(177,25,149),(178,25,32),(179,25,30),(180,25,150),(181,26,149),(182,26,151),(183,26,137),(184,26,152),(185,26,37),(186,26,153),(187,26,71),(188,27,154),(189,27,126),(190,27,127),(191,27,128),(192,27,155),(193,28,74),(194,28,45),(195,28,46),(196,28,156),(197,28,157),(198,28,158),(199,28,159),(200,29,143),(201,29,160),(202,29,12),(203,29,161),(204,30,162),(205,30,163),(206,30,164),(207,30,165),(208,30,166),(209,30,117),(210,30,63),(211,30,114),(212,30,167),(213,30,168),(214,31,149),(215,31,151),(216,31,169),(217,31,148),(218,31,170),(219,31,59),(220,32,171),(221,32,172),(222,32,173),(223,32,174),(224,32,175),(225,33,176),(226,33,177),(227,33,94),(228,33,172),(229,33,178),(230,33,179),(231,34,161),(232,34,180),(233,34,181),(234,34,127),(235,34,128),(236,34,182),(237,35,183),(238,35,184),(239,35,185),(240,36,186),(241,36,162),(242,36,187),(243,36,188),(244,37,189),(245,37,190),(246,37,191),(247,37,37),(248,37,148),(249,37,192),(250,37,193),(251,37,29),(252,37,194),(253,37,195),(254,37,196),(255,38,63),(256,38,64),(257,38,114),(258,38,115),(259,38,197),(260,38,198),(261,38,162),(262,39,199),(263,39,200),(264,39,201),(265,39,202),(266,39,203),(267,39,204),(268,39,170),(269,40,205),(270,40,206),(271,40,207),(272,40,208),(273,40,209),(274,41,16),(275,41,17),(276,41,210),(277,41,211),(278,41,212),(279,42,213),(280,42,161),(281,42,214),(282,42,215),(283,43,216),(284,43,217),(285,43,32),(286,43,29),(287,43,30),(288,43,149),(289,43,151),(290,43,33),(291,43,218),(292,43,219),(293,44,220),(294,44,221),(295,44,222),(296,44,223),(297,44,193),(298,45,224),(299,45,225),(300,45,226),(301,45,227),(302,45,94),(303,46,211),(304,46,50),(305,46,228),(306,46,8),(307,46,229),(308,46,230),(309,47,231),(310,47,30),(311,47,32),(312,47,29),(313,47,232),(314,48,233),(315,48,234),(316,48,235),(317,48,236),(318,49,136),(319,49,137),(320,49,237),(321,49,142),(322,50,238),(323,50,193),(324,50,239),(325,50,240),(326,50,221),(327,51,241),(328,51,242),(329,51,243),(330,51,244),(331,51,28),(332,51,85),(333,52,245),(334,52,246),(335,52,247),(336,52,12),(337,52,248),(338,52,89),(339,52,144),(340,52,249),(341,53,250),(342,53,251),(343,53,252),(344,53,253),(345,53,168),(346,54,28),(347,54,254),(348,54,255),(349,54,256),(350,54,257),(351,54,258),(352,54,259),(353,55,260),(354,55,35),(355,55,261),(356,55,262),(357,55,263),(358,56,192),(359,56,264),(360,56,221),(361,57,139),(362,57,265),(363,57,29),(364,57,266),(365,57,267),(366,58,268),(367,58,269),(368,58,270),(369,58,248),(370,59,260),(371,59,170),(372,59,262),(373,59,271),(374,59,272),(375,59,273),(376,59,274),(377,60,275),(378,60,276),(379,60,277),(380,60,278),(381,60,29),(382,60,279),(383,60,28),(384,61,280),(385,61,281),(386,61,12),(387,61,248),(388,61,282),(389,62,110),(390,62,33),(391,62,27),(392,62,275),(393,62,283),(394,62,35),(395,63,32),(396,63,29),(397,63,153),(398,63,218),(399,63,284),(400,64,285),(401,64,286),(402,64,287),(403,64,7),(404,65,288),(405,65,229),(406,65,8),(407,65,198),(408,65,7),(409,65,289),(410,66,290),(411,66,291),(412,66,292),(413,66,293),(414,66,294),(415,66,295),(416,66,296),(417,67,297),(418,67,298),(419,67,299),(420,67,106),(421,67,300),(422,68,163),(423,68,162),(424,68,164),(425,68,301),(426,68,302),(427,68,241),(428,68,188),(429,68,303),(430,68,304),(431,68,67),(432,68,305),(433,68,93),(434,68,306),(435,68,307),(436,68,308),(437,69,72),(438,69,309),(439,69,310),(440,69,224),(441,69,311),(442,69,312),(443,69,25),(444,69,313),(464,1,13),(465,1,271),(466,1,3),(467,1,5),(468,1,4),(469,1,2),(470,1,1);
/*!40000 ALTER TABLE `plant_klacht` ENABLE KEYS */;
UNLOCK TABLES;

--
-- Table structure for table `planten`
--

DROP TABLE IF EXISTS `planten`;
/*!40101 SET @saved_cs_client     = @@character_set_client */;
/*!50503 SET character_set_client = utf8mb4 */;
CREATE TABLE `planten` (
  `id` int NOT NULL AUTO_INCREMENT,
  `naam` varchar(255) COLLATE utf8mb4_unicode_ci NOT NULL,
  `botanische_naam` text COLLATE utf8mb4_unicode_ci,
  `beschrijving` text COLLATE utf8mb4_unicode_ci,
  `te_gebruiken_bij` text COLLATE utf8mb4_unicode_ci,
  `gebruikt_plantendeel` text COLLATE utf8mb4_unicode_ci,
  `aanbevolen_combinaties` text COLLATE utf8mb4_unicode_ci,
  `niet_te_gebruiken_bij` text COLLATE utf8mb4_unicode_ci,
  `categorie_kleur` text COLLATE utf8mb4_unicode_ci,
  `details` text COLLATE utf8mb4_unicode_ci,
  `afbeelding` text COLLATE utf8mb4_unicode_ci,
  PRIMARY KEY (`id`),
  UNIQUE KEY `naam` (`naam`)
) ENGINE=InnoDB AUTO_INCREMENT=75 DEFAULT CHARSET=utf8mb4 COLLATE=utf8mb4_unicode_ci;
/*!40101 SET character_set_client = @saved_cs_client */;

--
-- Dumping data for table `planten`
--

LOCK TABLES `planten` WRITE;
/*!40000 ALTER TABLE `planten` DISABLE KEYS */;
INSERT INTO `planten` VALUES (1,'Acidophilus','Lactobacillus acidophilus','In onze darmen werken miljarden bacteriën actief samen aan een goede spijsvertering en het op peil houden van ons immuunsysteem. Acidophilus bevat een mengsel van drie synergetisch werkende bacteriestammen die de balans van de darmflora herstellen. Het helpt bij diarree, voedselvergiftiging, antibiotica, stress of een schimmelinfectie. Versterkt de natuurlijke weerstand tegen bacteriën en schimmels. Elke bacteriestam bevat 2,5 miljard levensvatbare micro-organismen.','verstoorde darmflora, schimmelinfecties, darmparasieten, herstel balans darmflora na antibioticakuur, herstel balans darmflora bij diëten en vasten','Lactobacillus acidophilus, Lactobacillus bulgaricus, Bifidobacterium bifidum','Acidophilus + Cat’s Claw, Acidophilus + Grote Klis, Acidophilus + Vitamine D3 plantaardig','','','Probiotica. Mengsel van 3 bacteriestammen. Bevat stabiele bacteriestammen die de maag passeren en actief zijn in de darmen.','acidophilus.jpg'),(2,'Aloë Vera','Aloë barbadensis','Aloë Vera is een vetplant uit Mexico met dikke puntige bladeren. Aloë barbadensis is de krachtigste soort, al eeuwenlang gebruikt door verschillende culturen. Het sap ontgift het lichaam, bevordert de spijsvertering, herstelt slijmvlieslagen en verhoogt de opname van voedingsstoffen. Het verlaagt de bloedsuikerspiegel en bevat 20-22 aminozuren, waarvan 7-8 essentieel zijn. Vooral geschikt voor sporters en mensen met spijsverteringsproblemen.','slechte spijsvertering, buikpijn, opgeblazen gevoel, maagzuur, bacteriële infecties, schimmelinfecties, diabetes, vermoeidheid, aanvullen aminozuren bij sporters, detox voor maag en darmen','Bladsap (HAD vrij)','Aloë Vera + Lithothamnium (brandend maagzuur), Aloë Vera + Artisjok (spijsvertering)','zwangerschap, borstvoedingsperiode','','Bevat 20-22 aminozuren (waarvan 7-8 essentieel). Werkt ontgiftend, bloedsuikerverlagend, slijmvliesherstellend en is rijk aan werkzame stoffen.','aloe_vera.jpg'),(3,'Artisjok','Cynara scolymus','Artisjok is vermoedelijk een gecultiveerde vorm van kardoen, afkomstig uit Afrika en geteeld in Frankrijk. In de fytotherapie worden vooral de bladeren gebruikt. Het bevat cynarine, dat de galproductie en -afbraak stimuleert. Artisjok ondersteunt lever- en galblaasproblemen, stimuleert de spijsvertering, verlaagt cholesterol en werkt bloedzuiverend. Het wordt ingezet bij detoxkuren, vooral na overmatig alcoholgebruik.','slechte spijsvertering, leverproblemen, alcoholmisbruik, kater, galblaasproblemen, anorexia, gezwollen buik, overproductie en afbouwen borstvoeding, preventie borstontsteking','Blad','Artisjok + Mariadistel (leverproblemen), Artisjok + Melisse (moeilijke spijsvertering), Artisjok + Paardenbloem (anorexia), Artisjok + Grote Klis + Paardenbloem (gezwollen buik)','zwangerschap, borstvoedingsperiode','','Bevat cynarine. Stimuleert lever en galblaas, ondersteunt bij detox na alcoholgebruik. Werkt bloedzuiverend en cholesterolverlagend. Kan melkafscheiding remmen.','artisjok.jpg'),(4,'Ashwagandha','Withania somnifera','Ashwagandha is een groenblijvende struik uit Azië en Afrika met medicinaal gebruikte wortels. In de ayurvedische geneeskunde wordt het ingezet als verjongend middel tegen veroudering, vermoeidheid en slaaptekort. Het versterkt het zenuwstelsel, werkt libidoverhogend en bevordert de vruchtbaarheid. Bekend als de \'ginseng\' van de Ayurveda.','geringe spermaproductie, vruchtbaarheidsproblemen, impotentie, veroudering, overspannenheid, burn-out, stress','Wortel','Ashwagandha + Boswellia (fibromyalgie), Ashwagandha + Royal Jelly (herstel na ziekte), Ashwagandha + Gember (libido), Ashwagandha + Bacopa (Alzheimer)','zwangerschap, borstvoedingsperiode','','Versterkt het zenuw- en hormonaal stelsel. Remt veroudering en vrije radicalen. Bevordert libido, vruchtbaarheid en herstel. Ook effectief bij stress en burn-out.','ashwagandha.jpg'),(5,'Avena sativa','Avena sativa','Avena sativa, oftewel haver, is een eetbare plant uit de grassenfamilie die ook medicinaal wordt ingezet. Het werkt ondersteunend bij overprikkeling van het zenuwstelsel door stressvolle situaties zoals examens of relationele problemen. Het bevordert de nachtrust, helpt bij afkickverschijnselen van alcohol, drugs of nicotine, en ondersteunt traumaverwerking.','slapeloosheid, traumaverwerking, nervositeit, innerlijke onrust, afkickverschijnselen, stress, prikkelbaarheid','Zaad','Avena sativa + Melisse (paniekaanvallen, nachtmerries), Avena sativa + Russische Ginseng (burn-out, oververmoeidheid)','','','Werkt kalmerend op het zenuwstelsel. Bevordert nachtrust, vermindert stress en prikkelbaarheid. Helpt bij afkicken van verslavingen en traumaverwerking.','avena_sativa.jpg'),(6,'Bacopa','Bacopa monniera','Bacopa, ook wel bekend als Brahmi in de Ayurvedische geneeskunde, groeit in moerasgebieden en bevat werkzame bacosiden. Het ondersteunt het geheugen, bevordert de concentratie, en beschermt het hersenweefsel. Het is effectief bij kinderen met ADHD en ouderen met geheugenproblemen. Bacopa verhoogt ook de GABA-concentraties in de hersenen, wat gunstig is bij epilepsie.','geheugen­zwakte, ADHD, leerproblemen, concentratiestoornissen, dementie, epilepsie','Blad en bovengronds bloeiend gedeelte','Bacopa + Ginkgo (concentratieproblemen), Bacopa + Ashwagandha (Alzheimer), Bacopa + Lijnzaadolie (ADHD)','zwangerschap, borstvoedingsperiode','','Bevat bacosiden. Ondersteunt geheugen, concentratie en hersenfunctie. Vermijd combinatie met melkproducten. Werkt bij ADHD, dementie en epilepsie.','bacopa.jpg'),(7,'Biergist','Saccharomyces cerevisiae','Biergist is een microscopische zwam die voorkomt op fruit en in biermost. Het is rijk aan essentiële aminozuren, B-vitaminen en mineralen. Reactieve biergist bevat het hoogste gehalte levende gist (1 miljard per gram) en ondersteunt huid, haar, nagels en darmflora. Het is populair bij vegetariërs vanwege het B12-gehalte.','broze haren, zwakke nagels, jeugdpuistjes, acne, steenpuisten, droge huid, ruwe huid, haaruitval na bevalling, verstoorde darmflora','Reactiverbare gist','Biergist + Borage-olie (stralende huid), Biergist + Brandnetel (broze nagels), Biergist + Zaagbladpalm (haaruitval mannen), Biergist + Grote Klis (acne, eczeem)','schimmelinfecties (Candida albicans), gistvrij dieet','','Rijk aan B-complex, aminozuren en mineralen. Anti-bacterieel, huidherstellend en darmflora-ondersteunend. Niet geschikt bij Candida of gistvrij dieet.','biergist.jpg'),(8,'Blauwe Bosbesvrucht','Vaccinium myrtillus','De Blauwe Bosbes is een halfstruik die groeit op vochtige, humusrijke gronden in Europa. De vrucht bevat vitamine A, C, tanninen en anthocyanosiden. Deze stoffen werken antiseptisch bij diarree en verbeteren het gezichtsvermogen, vooral in het donker. Ook worden vermoeide ogen sneller hersteld en blijkt het een gunstig effect te hebben op de regulatie van bloedsuikers bij diabetes.','diarree, buikpijn, vermoeide ogen, tranende ogen, nachtblindheid, diabetes','Vrucht','Blauwe Bosbesvrucht + Plantaardige Kool (diarree), Blauwe Bosbesvrucht + Lijnzaadolie (droge ogen, slecht zicht)','','','Rijk aan anthocyanosiden, vitamine A en C. Werkt antiseptisch, verbetert nachtzicht en ondersteunt bloedsuikerregulatie. Herstelt vermoeide ogen bij veel beeldschermgebruik.','blauwe_bosbesvrucht.jpg'),(9,'Borage-olie','Borago officinalis','Borage-olie, afkomstig van de zaden van het Komkommerkruid, is rijk aan gammalinoleenzuur en linolzuur. Het helpt bij huidveroudering, maakt de huid soepel en versterkt haar en nagels. Het ondersteunt een evenwichtige hormoonhuishouding bij vrouwen en is effectief bij eczeem, psoriasis en huidaandoeningen zoals luier­eczeem en dauwworm.','huidveroudering, rimpels, zwangerschapsstriemen, eczeem, psoriasis, premenstrueel syndroom, luier­eczeem, dauwworm','Zaad','Borage-olie + Grote Klis (stralende huid), Borage-olie + Venkel (menstruatiekrampen)','','','Rijk aan GLA en linolzuur. Werkt huidherstellend, hormoonbalansondersteunend en ontstekingsremmend. Geschikt voor lokaal gebruik bij huidproblemen.','borage_olie.jpg'),(10,'Boswellia','Boswellia serrata','Boswellia is een boom uit India waarvan het hars wordt geoogst en gezuiverd voor gebruik in moderne kruidengeneeskunde. De werkzame boswelliazuren binden zich aan ontstekingsveroorzakende stoffen en hebben een ontstekingsremmende én pijnstillende werking. Boswellia is effectief bij reumatische klachten, darmziekten zoals colitis ulcerosa en de ziekte van Crohn, en hielspoor.','gewrichtsslijtage, reuma, artrose, jicht, colitis ulcerosa, ziekte van Crohn, slijmbeursontsteking, carpaal tunnel syndroom, hielspoor, fibromyalgie','Hars','Boswellia + Heermoes (slijmbeursontsteking, carpaal tunnel syndroom, hielspoor), Boswellia + Ashwagandha (fibromyalgie)','zwangerschap, borstvoedingsperiode','','Bevat boswelliazuren. Werkt ontstekingsremmend en licht pijnstillend. Geschikt bij reumatische aandoeningen, darmontstekingen en hielspoor. Combineert goed met Heermoes.','boswellia.jpg'),(11,'Brandnetel','Urtica dioica','Brandnetel is een veelvoorkomende plant met prikkelende haren die irritatie veroorzaken bij aanraking. De plant is rijk aan mineralen zoals calcium, zink en silicium, en bevat ook vitamine B2, B5 en foliumzuur. Brandnetel bevordert de haargroei, versterkt nagels, ondersteunt bij acne en werkt remineraliserend. Het helpt bij gewrichtsslijtage, bloedarmoede en is effectief bij verstuikingen en kneuzingen.','haaruitval, zwakke nagels, afgesleten kraakbeen, acne, mee-eters, bloedarmoede, verstuiking, kneuzingen','Bovengronds gedeelte','Brandnetel + Biergist (broze nagels, haaruitval), Brandnetel + Duivelsklauw (verstuiking)','zwangerschap, borstvoedingsperiode','','Rijk aan ijzer, calcium, silicium en zink. Werkt remineraliserend, versterkt haar en nagels, ondersteunt bij bloedarmoede en kraakbeenafbraak. Ook geschikt bij huidproblemen.','brandnetel.jpg'),(12,'Canadese Geelwortel','Hydrastis canadensis','Canadese Geelwortel is een bosplant uit Noord-Amerika, oorspronkelijk gebruikt door inheemse volkeren. De wortel is rijk aan berberine, een krachtige antibacteriële stof. Het versterkt de slijmvliezen van de bovenste luchtwegen, werkt ontstekingsremmend en verhoogt de weerstand bij infecties zoals griep, herpes en keelontsteking. Ook effectief bij vaginitis.','voorhoofdsholte ontsteking, sinusitis, keelontsteking, amandelontsteking, luchtweginfecties, vaginitis, herpes simplex, griep, verkoudheid','Wortel','Canadese Geelwortel + Cat’s Claw (vaginale schimmelinfectie), Canadese Geelwortel + Vrouwenmantel (vaginale ontsteking)','zwangerschap, borstvoedingsperiode','','Bevat berberine. Werkt antibacterieel en ontstekingsremmend. Geschikt bij luchtweginfecties, keel- en vaginale ontstekingen. Verhoogt de weerstand.','canadese_geelwortel.jpg'),(13,'Cat’s Claw','Uncaria tomentosa','Cat’s Claw is een klimplant uit de Peruaanse jungle die zich met klauwachtige uitsteeksels vasthecht aan bomen. De schors bevat alkaloïden en glycosiden die het immuunsysteem versterken, ontstekingen remmen en het lichaam van binnenuit reinigen na antibioticakuren. Cat’s Claw is werkzaam bij inwendige infecties, darmproblemen, de ziekte van Crohn en de ziekte van Lyme.','koortsblaasjes, aften, verminderde weerstand, ontstekingen, gewrichtsontstekingen, ontgifting na antibioticakuur, ziekte van Crohn, ziekte van Lyme','Schors','Cat’s Claw + Lijnzaadolie (ziekte van Lyme), Cat’s Claw + Weegbree (gordelroos), Cat’s Claw + Canadese Geelwortel (vaginale schimmelinfectie), Cat’s Claw + Vitamine D3 plantaardig (ziekte van Pfeiffer)','zwangerschap, borstvoedingsperiode','','Bevat alkaloïden en glycosiden. Versterkt het immuunsysteem, werkt antibacterieel, antiviraal en ontstekingsremmend. Ondersteunt bij Lyme, Crohn, infecties en detox na antibiotica.','cats_claw.jpg'),(14,'Cranberry','Vaccinium macrocarpon','De Cranberry of Veenbes is een dieprode vrucht die oorspronkelijk uit Noord-Amerika komt en nu ook op de Waddeneilanden groeit. De bes is rijk aan organische zuren die voorkomen dat de E-coli bacterie zich aan de blaaswand hecht, waardoor blaasontstekingen worden bestreden. Het vermindert ook de geur van urine en wordt vaak gecombineerd met vitamine C of probiotica voor extra ondersteuning.','blaasontsteking, urineweginfectie, vaak urineren, weinig urineren, branderig gevoel bij het plassen, sterk geurende urine','Bes','Cranberry + Acidophilus (blaasontsteking), Cranberry + Pompoenpitolie (infectie in resturine bij mannen)','nierstenen','','Rijk aan organische zuren. Voorkomt hechting van E-coli aan blaaswand. Werkt urinezuurverlagend. Combineert goed met vitamine C en probiotica bij blaasverzorging.','cranberry.jpg'),(15,'Curcuma + Piperine','Curcuma longa','Curcuma, ook bekend als geelwortel, wordt gewonnen uit de wortelstok en is bekend om zijn medische toepassingen en als natuurlijke kleurstof in de Aziatische keuken. Curcumine, de actieve stof, ondersteunt het cardiovasculaire systeem, verlaagt cholesterol en bevordert de leverfunctie. Het heeft bovendien een schimmelremmende werking tegen Candida. In combinatie met piperine uit zwarte peper wordt de opname van curcumine sterk verbeterd.','colitis ulcerosa, ziekte van Crohn, galstenen (preventie), leverbeschadiging, alcoholgebruik, medicijngebruik, te hoog cholesterol, candida, witte vloed, gewrichtspijn','Wortel','Curcuma + Boswellia (ziekte van Crohn), Curcuma + Duivelsklauw (gewrichtspijnen), Curcuma + Heermoes (peesontsteking)','geblokkeerde galwegen, zwangerschap, borstvoedingsperiode','','Bevat curcumine en wordt versterkt met piperine voor betere opname. Werkt ontstekingsremmend, cholesterolverlagend en leverbeschermend. Effectief tegen Candida.','curcuma_piperine.jpg'),(16,'Damiana','Turnera aphrodisiaca','Damiana is een aromatische plant uit Mexico en Zuid-Amerika, ook wel bekend als liefdeskruid. Het staat bekend om zijn libidoversterkende werking voor zowel mannen als vrouwen. Damiana stimuleert de geslachtsorganen en verbetert de gemoedstoestand. Het heeft een licht psychoactieve werking en wordt traditioneel ingezet bij stress, zenuwzwakte en seksuele disfuncties.','seksueel onvermogen, libido opwekkend, depressiviteit, zenuwzwakte, frigiditeit','Blad en stengel','Damiana + Sint Janskruid (depressiviteit), Damiana + Maca (libido cocktail)','zwangerschap, borstvoedingsperiode','','Afrodisiacum met stimulerende werking op geslachtsorganen en zenuwstelsel. Werkt libidoverhogend en stemmingsverbeterend. Kan uitwendig en inwendig gebruikt worden.','damiana.jpg'),(17,'Driekleurig Viooltje','Viola tricolor','Het Driekleurig Viooltje is een inheemse plant uit Europa met geel, wit en violetgekleurde bloemen. De plant is rijk aan flavonoïden, saponosiden, anthocyanosiden en vitamine E. Het ondersteunt de uitscheidingsfuncties van lever en nieren en heeft een bloedzuiverende en ontstekingsremmende werking. Wordt ingezet bij diverse chronische huidaandoeningen en allergieën.','eczeem, psoriasis, luier­eczeem, dauwworm, impetigo, acne','Bovengronds bloeiend gedeelte','Driekleurig Viooltje + Grote Klis (acne)','','','Werkt bloedzuiverend, ontstekingsremmend en huidherstellend. Bevat vitamine E tegen celveroudering. Geschikt bij huidaandoeningen zoals eczeem, acne en impetigo.','driekleurig_viooltje.jpg'),(18,'Duivelsklauw','Harpagophytum procumbens','Duivelsklauw is een plant uit de Kalahari-woestijn in Zuid-Afrika. De bijwortels bevatten ontstekingsremmende en pijnstillende stoffen die gewrichten soepel houden. Het wordt ingezet bij gewrichtspijn, peesontstekingen en jicht. Uitwendig als gel en inwendig in combinatie met andere planten werkt het effectief tegen reuma, artritis en overbelastingsklachten bij sporters.','reuma, gewrichtspijn, artrose, artritis, ischias, jicht, peesontstekingen, tennisarm, verstuiking','Bijwortel','Duivelsklauw + Brandnetel (verstuiking), Duivelsklauw + Curcuma (gewrichtspijnen), Duivelsklauw + Lithothamnium + Duivelsklauw gel (reuma, artritis, jicht)','zwangerschap, borstvoedingsperiode','','Werkt pijnstillend en ontstekingsremmend. Ondersteunt gewrichtsfunctie, verlicht sportblessures en reumatische klachten. Inwendig en uitwendig toepasbaar.','duivelsklauw.jpg'),(19,'Echinacea','Echinacea purpurea','Echinacea, of rode zonnehoed, is een plant uit Noord-Amerika die traditioneel door de indianen werd gebruikt. De wortel bevat bestanddelen zoals echinacoside, rutoside en polysacchariden die een bewezen ontstekingsremmende en weerstandverhogende werking hebben. Echinacea wordt preventief ingezet tijdens de wintermaanden en ondersteunt het immuunsysteem bij griep, verkoudheid en andere infecties.','griep, verkoudheid, infecties, ontstekingen, verminderde weerstand, preventie van winterziekten','Wortel','Echinacea + Propolis (immuunstimulatie, herpesvirus, keelontsteking)','','','Bevat echinacoside en polysacchariden. Klinisch bewezen effect bij versterking van het immuunsysteem. Werkt preventief en curatief bij infecties en winterkwalen.','echinacea.jpg'),(20,'Fenegriek','Trigonella foenum-graecum','Fenegriek is een eenjarige plant afkomstig uit het Middellandse Zeegebied. De zaadjes bevatten veel proteïnen, lipiden en saponinen, en worden gebruikt bij gebrek aan eetlust, voor gewichtstoename en bij bodybuilding. Fenegriek stimuleert de borstvoeding, bevordert borstgroei door oestrogeenachtige werking en ondersteunt sporters bij spierontwikkeling.','gebrek aan eetlust, anorexia, gewichtstoename, bodybuilding, sporters, borstgroei, borstvoeding stimuleren','Zaad','Fenegriek + Hop (borstvergroting), Fenegriek + Russische Ginseng (spierkrachtontwikkeling)','zwangerschap','','Rijk aan saponinen, proteïnen en lipiden. Werkt eetlustopwekkend, bevordert borstvoeding en borstontwikkeling. Populair bij sporters voor natuurlijke spieropbouw.','fenegriek.jpg'),(21,'Garcinia','Garcinia cambogia','Garcinia is een pompoenachtige vrucht uit Zuidoost-Azië met een schil die rijk is aan HCA (hydroxycitroenzuur). HCA remt de omzetting van suikers in vet en vermindert de trek in zoetigheid. Garcinia is daarom uitermate geschikt voor mensen met snoepzucht of overgewicht en wordt veel gebruikt in afslankkuren.','afslankkuren, overgewicht, zwaarlijvigheid, trek in zoetigheid, snoep, cellulitis','Schil','Garcinia + Konjac (grote eetlust), Garcinia + Javaanse Thee (overgewicht)','zwangerschap, borstvoedingsperiode','','Bevat HCA (hydroxycitroenzuur) dat suikermetabolisme beïnvloedt. Onderdrukt eetlust, voorkomt vetopslag en vermindert snoepzucht. Onderdeel van vele moderne afslankprogramma\'s.','garcinia.jpg'),(22,'Gember','Zingiber officinale','Gember is een aromatische wortelstok afkomstig uit Zuidoost-Azië, en een belangrijk element in de Chinese geneeskunst. De wortel bevat ginerolen en shogaol, stoffen die werkzaam zijn bij reisziekte, misselijkheid, zwangerschapsbraken en migraine. Gember ondersteunt tevens de spijsvertering en kan preventief ingezet worden bij maag- en darmzweren.','misselijkheid, overgeven, reisziekte, zwangerschapsbraken, hoofdpijn, migraine','Wortelstok','Gember + Venkel (misselijkheid), Gember + Ashwagandha (libido opwekkend)','','','Bevat ginerolen en shogaol. Werkt maagversterkend, anti-emetisch en pijnstillend bij migraine. Effectief bij bewegingsziekte en ondersteuning van de spijsvertering.','gember.jpg'),(23,'Ginkgo','Ginkgo biloba','Ginkgo biloba is een oeroude boomsoort uit China die bekendstaat om zijn medicinale bladeren. De bladeren bevatten flavonoïden die de doorbloeding verbeteren, met name in de haarvaten rond de hersenen. Ginkgo wordt ingezet bij geheugen- en concentratieproblemen, oorsuizen en circulatieproblemen zoals koude handen en voeten.','geheugenproblemen, concentratieverlies, koude handen en voeten, ouderdomsvergeetachtigheid, oorsuizen (tinnitus)','Blad','Ginkgo + Bacopa (concentratieproblemen), Ginkgo + Sint Janskruid (oorsuizen), Ginkgo + Rozemarijn (geheugen)','zwangerschap, borstvoedingsperiode','','Bevat flavonoïden die de microcirculatie verbeteren. Verhoogt zuurstoftoevoer naar de hersenen en helpt bij geheugenverlies, oorsuizen en perifere circulatieklachten.','ginkgo.jpg'),(24,'Ginseng','Panax ginseng','Ginseng is een krachtig tonicum dat traditioneel in China en Korea als koninklijk kruid werd beschouwd. De wortel bevordert zowel de fysieke als mentale prestaties, verlaagt het bloedsuiker- en melkzuurgehalte en verhoogt de zuurstoftoevoer naar de spieren. Ginseng is rijk aan vitaminen, mineralen en aminozuren en wordt ingezet bij vermoeidheid, spierpijn en overspanning.','overspannenheid, vermoeidheid, energietekort, spierpijn, verbetering van geestelijke prestaties','Wortel','Ginseng + Royal Jelly (lichamelijke vermoeidheid), Ginseng + Guarana (onmiddellijke oppepper), Ginseng + Gember (seksuele energie)','zwangerschap, borstvoedingsperiode','','Adaptogeen met versterkende werking. Verhoogt lichamelijke en mentale prestaties. Rijk aan B-vitaminen, mineralen en aminozuren. Pas na 6 jaar geoogst voor optimale werking.','ginseng.jpg'),(25,'Goudpapaver','Eschscholtzia californica','Goudpapaver, ook wel slaappapaver genoemd, is een rustgevende plant afkomstig uit Californië. De plant bevat alkaloïden die de slaapkwaliteit verbeteren zonder verslavende of verdovende bijwerkingen. Goudpapaver is inzetbaar bij slapeloosheid, inslaapproblemen, nachtmerries en nervositeit. Ook effectief bij bedplassen bij kinderen.','inslaapproblemen, bedplassen, overactiviteit, angst, nervositeit, slapeloosheid, nachtmerries','Bovengronds bloeiend gedeelte','Goudpapaver + Valeriaan (inslaapproblemen), Goudpapaver + Meidoorn (hartkloppingen door angst), Goudpapaver + Passiebloem (ongestoorde nachtrust), Goudpapaver + Russische Ginseng (bekkenbodeminstabiliteit)','zwangerschap, borstvoedingsperiode','','Natuurlijk rustgevend middel zonder bijwerkingen. Geschikt voor jong en oud. Ondersteunt bij slaapstoornissen, angst en bedplassen. Veroorzaakt geen gewenning.','goudpapaver.jpg'),(26,'Griffonia (5-HTP)','Griffonia simplicifolia','Griffonia simplicifolia is een klimplant uit West-Afrika, bekend om zijn zaden die rijk zijn aan 5-HTP. In het lichaam wordt 5-HTP omgezet in serotonine, wat helpt bij stemmingsverbetering, slaapregulatie en pijnbestrijding. Griffonia wordt effectief ingezet bij depressie, angst, slaapproblemen, migraine en fibromyalgie, en vormt een natuurlijk alternatief voor antidepressiva.','angst, depressies, migraine, spanningshoofdpijn, ADHD, slaapproblemen, fibromyalgie','Zaden','Griffonia + Hop (slaapstoornissen), Griffonia + Moederkruid (hoofdpijn en migraine), Griffonia + Avena Sativa (trauma)','zwangerschap, borstvoedingsperiode','','Rijke bron van 5-HTP, precursor van serotonine. Ondersteunt stemming, slaap, pijnbestrijding en neurologisch evenwicht. Natuurlijk alternatief voor antidepressiva, zonder verslavende werking.','griffonia.jpg'),(27,'Groene Thee','Camellia sinensis','Groene Thee wordt gewonnen uit de knoppen en jonge blaadjes van de theestruik, die groeit in de koele, vochtige gebergten van subtropische gebieden. De blaadjes bevatten cafeïne en andere werkzame stoffen die vetverbranding stimuleren en de opname van suikers en vetten verminderen. Groene Thee is effectief bij afslankkuren en vetafbraak en wordt vaak gecombineerd met Javaanse Thee voor extra vochtafdrijving.','vermagering, afslankkuren, overgewicht, zwaarlijvigheid, vetverbranding van vetcellen','Knop en eerste twee blaadjes van de tak','Groene Thee + Javaanse Thee (vet afbreken en vocht afdrijven), Groene Thee + Konjac (vet afbreken en honger stillen), Groene Thee + Maté (vet afbreken en vet verbranden)','zwangerschap, borstvoedingsperiode','','Stimuleert vetverbranding en remt suiker- en vetopname. Bevat cafeïne en antioxidanten. Combineert goed met Javaanse Thee, Konjac en Maté voor afslankdoeleinden.','groene_thee.jpg'),(28,'Grote Klis','Arctium lappa','Grote Klis is een tweejarige plant uit Europa met kenmerkende stekelige bloemhoofden. De wortel bevat zuuradionen, polyenen en fenolzuren die ontgiftend, antibacterieel en schimmelwerend werken. Grote Klis wordt ingezet bij huidproblemen zoals acne, mee-eters en puistjes, en ondersteunt de reiniging van lever, nieren en talgklieren. Ook effectief bij ouderdomsdiabetes.','mee-eters, acne, steenpuisten, reiniging talgklieren, suikerziekte (ouderdom), huidzuiverend, bloedzuiverend','Wortel','Grote Klis + Biergist (acne & steenpuisten), Grote Klis + Borage-olie (psoriasis), Grote Klis + Artisjok + Paardenbloem (geelzucht)','zwangerschap, borstvoedingsperiode','','Werkt huid- en bloedzuiverend, ondersteunt lever en nieren, verlaagt bloedsuiker. Effectief bij huidproblemen en ouderdomssuiker. Bevat fenolzuren, polyenen en zuuradionen.','grote_klis.jpg'),(29,'Guarana','Paullinia cupana','Guarana is een stimulerende plant uit het Amazonegebied, bekend om zijn zaad dat rijk is aan cafeïne. Het verhoogt de energie, verbetert de concentratie, stimuleert vetverbranding en ondersteunt bij afslankkuren. Guarana wordt vaak ingezet bij vermoeidheid, energietekort en om de fysieke en mentale prestaties te verbeteren.','energietekort, concentratiezwakte, vermoeidheid, afslanken','Zaad','Guarana + Ginseng (onmiddellijke oppepper), Guarana + Royal Jelly (chronische vermoeidheid)','zwangerschap, borstvoedingsperiode','','Rijk aan cafeïne. Stimuleert adrenaline-afgifte, verhoogt basismetabolisme en vetverbranding. Geschikt voor afslankdoeleinden en mentale alertheid. Populair in sport- en energiedranken.','guarana.jpg'),(30,'Heermoes','Equisetum arvense','Heermoes, ook wel paardenstaart genoemd, is een niet-bloeiende plant met diepe wortelstokken. Rijk aan siliciumdioxide, ondersteunt het herstel van botten, pezen en kraakbeen. Heermoes stimuleert collageenaanmaak, helpt bij botontkalking en reuma, en is effectief tegen kalknagels. Het is bijzonder nuttig voor sporters en ouderen met bindweefsel- of peesklachten.','osteoporose, botontkalking, botbreuken, bindweefselzwakte, tendinitis, tennisarm, reuma, artritis, slijmbeurstonstekingen, kalknagels','Bovengronds steriel gedeelte','Heermoes + Lithothamnium (botontkalking), Heermoes + Boswellia (slijmbeurstonsteking, carpaal tunnel syndroom), Heermoes + Propolis (kalknagels)','zwangerschap, borstvoedingsperiode','','Rijk aan siliciumdioxide (kiezelzuur). Ondersteunt herstel van botten, pezen en nagels. Verbetert collageensynthese en kraakbeenreconstructie. Geschikt voor pees-, bot- en nagelproblemen.','heermoes.jpg'),(31,'Hop','Humulus lupulus','Hop is een klimplant uit Europa en Azië, vooral bekend van het gebruik in bier, maar ook om zijn geneeskrachtige werking. De vrouwelijke hopbellen bevatten vluchtige oliën met een kalmerende werking. Hop wordt gebruikt bij angst, slaapstoornissen, PMS en overgangsklachten. Het bevordert geestelijke rust en hormonale balans, vooral bij vrouwen.','angst, depressies, slaapstoornissen, overactiviteit, overgangsklachten, premenstrueel syndroom','Kegel','Hop + Rode Klaver (overgangsklachten), Hop + Fenegriek (borstvergroting), Hop + Griffonia (slaapstoornissen), Hop + Maca (te vroege menopauze)','zwangerschap, borstvoedingsperiode','','Bevat kalmerende vluchtige oliën. Ondersteunt slaap, hormonale balans en gemoedstoestand. Traditioneel gebruikt bij onrust, PMS en overgang. Ook ingezet bij borstvergroting.','hop.jpg'),(32,'Javaanse Thee (Koemis Koetjing)','Orthosiphon stamineus','Javaanse Thee, ook bekend als Koemis Koetjing, is een traditioneel kruid uit Zuidoost-Azië dat in de fytotherapie wordt gebruikt vanwege zijn krachtige vochtafdrijvende werking. De bladeren bevatten flavonen, kalium en vluchtige oliën die de uitscheiding van water en zouten stimuleren. Wordt veel gebruikt bij oedeem en als ondersteuning bij afslankkuren.','vochthoping, oedeem, eliminatie van afvalstoffen, dikke benen, overgewicht door het vasthouden van vocht','Blad','Javaanse Thee + Groene Thee (vocht afdrijven en vet afbreken), Javaanse Thee + Maté (vocht afdrijven en vet verbranden)','zwangerschap, borstvoedingsperiode','','Plantaardige plaspil. Stimuleert uitscheiding van vocht en zouten via de nieren. Ideaal bij oedeem, dikke benen en afslankdoeleinden. Versterkt in combinatie met Groene Thee of Maté.','javaanse_thee.jpg'),(33,'Kersensteel','Prunus cerasus','De steeltjes van de zure kers zijn traditioneel gebruikt als vochtafdrijvend middel en worden vandaag de dag gewaardeerd om hun kalmerende werking op de urinewegen. Kersensteel bevordert de urineproductie en helpt bij het afvoeren van overtollig vocht en afvalstoffen. Wordt toegepast bij oedeem, blaasontstekingen en een verminderde urineproductie.','vocht afdrijven, urineweginfecties, blaasontsteking, oedeem, dikke enkels, geringe urineproductie','Steeltjes van de kers','Kersensteel + Cranberry (urineweginfecties), Kersensteel + Paardenbloem (nierstenen), Kersensteel + Russische Ginseng (blaas moeilijk leegplassen)','zwangerschap','','Traditioneel vochtafdrijvend middel met kalmerende werking op de urinewegen. Bevordert de urineproductie en voorkomt oedeem. Werkt ondersteunend bij blaasontsteking en nierproblemen.','kersensteel.jpg'),(34,'Konjac','Amorphophallus konjac','Konjac is een plant waarvan de wortel traditioneel in Japan wordt gebruikt. In de fytotherapie staat Konjac bekend als een krachtige hongerstiller. De wortel bevat glucomannaan, een vezel die tot 100 keer zijn gewicht aan water kan opnemen, waardoor een gel in de maag ontstaat die langdurige verzadiging geeft. Konjac ondersteunt bij gewichtsverlies en vermindert de opname van vetten en suikers in de darmen.','afslanken, hongergevoel, snoepzucht, overgewicht, zwaarlijvigheid, snelle verzadiging','Wortel','Konjac + Maté (sneller verzadigd gevoel), Konjac + Garcinia (grote eetlust)','zwangerschap, borstvoedingsperiode','','Bevat glucomannaan, een niet-verteerbare, waterbindende vezel. Vormt een volumineuze gel in de maag, onderdrukt het hongergevoel, vermindert vet- en suikeropname. Helpt bij afslankprogramma’s.','konjac.jpg'),(35,'Laksavital','Plantago ovata','Laksavital is een natuurlijk middel op basis van psylliumzaad (vlozaad), rijk aan slijmstoffen. Het vergroot het volume en de hydratatie van de ontlasting en stimuleert op milde wijze de darmperistaltiek zonder kramp of gewenning. Ook heeft het een beschermende werking op de maagwand. Ideaal bij chronische obstipatie en trage darmwerking.','obstipatie (chronisch), trage darmwerking, slechte stoelgang','Zaadvlies','Laksavital + Acidophilus (herstel darmflora), Laksavital + Garcinia (afslanken, transporteren vetten)','','','Rijk aan slijmstoffen. Verbetert stoelgang en darmwerking zonder afhankelijkheid. Werkt ook beschermend op de maagwand. Veilig alternatief voor synthetische laxeermiddelen.','laksavital.jpg'),(36,'Levertraanolie','Gadus Morhua','Levertraanolie wordt gewonnen uit de lever van de kabeljauw en is rijk aan vitamine A en D. Het werd traditioneel gebruikt om rachitis (Engelse ziekte) te voorkomen en is tegenwoordig vooral bekend om zijn rol in het ondersteunen van de botaanmaak, het immuunsysteem en de groei bij kinderen. Levertraan helpt bij osteoporose, botbreuken en verhoogt de weerstand.','opgroeiende kinderen, osteoporose, herstel na botbreuken, weerstand','Verse kabeljauw vislevers','Levertraanolie + Royal Jelly (opgroeiende kinderen), Levertraanolie + Lithothamnium (osteoporose), Levertraanolie + Heermoes (herstel van botbreuken)','','','Bron van vitamine A en D. Ondersteunt botgroei, weerstand, huid en ogen. Traditioneel gebruikt bij kinderen en ouderen. Vandaag vaak in capsulevorm vanwege de smaak.','levertraanolie.jpg'),(37,'Lijnzaadolie (Omega-3-olie)','Linum usitatissimum','Lijnzaadolie wordt gewonnen uit het zaad van de vlasplant en is bijzonder rijk aan omega-3 vetzuren. Deze essentiële vetzuren ondersteunen de concentratie, het gedrag (zoals bij ADHD), het cholesterolgehalte, de bloeddruk en de gezondheid van huid en ogen. Lijnzaadolie is veelzijdig inzetbaar bij lichamelijke en cognitieve klachten en wordt aanbevolen bij stressgerelateerde en neurologische aandoeningen.','huidaandoeningen, allergieën, droge ogen, ADHD, overactiviteit, te hoog cholesterolgehalte, hoge bloeddruk, stress, humerus­chromie, dyslexie, dyspraxie','Zaad','Lijnzaadolie + Bacopa (ADHD), Lijnzaadolie + Cat’s Claw (ziekte van Lyme), Lijnzaadolie + Blauwe Bosbesvrucht (droge ogen, slecht zicht)','zwangerschap, borstvoedingsperiode','','Rijk aan essentiële omega-3 vetzuren. Ondersteunt mentale functies, hart- en vaatgezondheid, huid en ogen. Effectief bij hyperactiviteit, cholesterol en droge ogen. Vervangt ontbrekende vetzuren in het moderne dieet.','lijnzaadolie.jpg'),(38,'Lithothamnium','Lithothamnium calcareum','Lithothamnium is een kalkhoudende alg die rijk is aan calciumcarbonaat, magnesium en oligo-elementen. Het neutraliseert maag- en urinezuren, ondersteunt bij maagpijn, brandend maagzuur, reuma en artrose. Dankzij zijn goed opneembare mineralen helpt Lithothamnium ook bij het versterken van botten en het behouden van een gezond zuur-base evenwicht.','reuma, artrose, artritis, ischias, brandend maagzuur, maagpijn, osteoporose','Thallus','Lithothamnium + Duivelsklauw + Duivelsklauw gel (reuma, artritis, jicht), Lithothamnium + Heermoes (botontkalking)','','','Rijk aan calciumcarbonaat en magnesium. Neutraliseert maag- en urinezuren. Plantaardige bron van mineralen, goed opneembaar. Ondersteunt botgezondheid en zuur-base balans.','lithothamnium.jpg'),(39,'Maca','Lepidium meyenii','Maca is een wortelplant uit het Peruaanse Andesgebergte en wordt al sinds de tijd van de Inca’s gebruikt als natuurlijk energie- en libidoverhogend middel. Het ondersteunt seksuele gezondheid, verhoogt de vruchtbaarheid, helpt sportprestaties verbeteren, bevordert herstel na inspanning en verlicht overgangsklachten door het hormonale systeem te balanceren.','vergroot uithoudingsvermogen, helpt (sport) prestaties te verbeteren, libido verhogen, erectiestoornis, vruchtbaarheid (verhogend), verstoorde hormoonbalans, overgangsklachten','Knol','Maca + Royal Jelly (vermoeidheid), Maca + Hop (te vroege menopauze)','zwangerschap, borstvoedingsperiode','','Rijk aan vitaminen, mineralen en aminozuren. Verhoogt libido en vruchtbaarheid, ondersteunt hormonale balans en sportprestaties. Inzetbaar bij overgang, vermoeidheid en prestatieherstel.','maca.jpg'),(40,'Maretak','Viscum Album','Maretak is een halfparasitaire struik die groeit op bomen en traditioneel wordt ingezet bij hart- en bloeddrukproblemen. De bladeren en stengels bevatten polyfenolen, lectines en viscotoxines die de bloeddruk reguleren, de hartslag kalmeren en de bloedvaten verwijden. Maretak wordt gebruikt ter ondersteuning van hart- en vaatgezondheid en bij milde hypertensie.','te hoge bloeddruk, hart- en vaatziekten (preventief), aderverkalking, licht verhoogde spanningen in de bloeddruk, het in balans houden van de bloeddruk','Blad en het stengeltje','Maretak + Curcuma (bloeddrukschommelingen)','zwangerschap, borstvoedingsperiode','','Werkt bloeddrukverlagend, hartversterkend en vaatverwijdend. Rijk aan polyfenolen, lectines en viscotoxines. Reguleert de hartslag zonder negatieve invloed op circulatie. Wordt vaak tijdelijk ingezet bij milde hypertensie.','maretak.jpg'),(41,'Mariadistel','Silybum marianum','Mariadistel is een Zuid-Europese plant die bekend staat om zijn leverbeschermende werking. De vrucht bevat silymarine, een mengsel van silybine, silydianine en silychristine, dat de levercellen beschermt, galafvoer stimuleert en helpt bij leverherstel. Mariadistel wordt ingezet bij alcoholmisbruik, voedselvergiftiging en ter ondersteuning van de leverfunctie.','alcoholmisbruik, kater, leverreiniging, voedselvergiftiging, bescherming longweefsel','Vrucht','Mariadistel + Artisjok (leverproblemen, hepatitis), Mariadistel + Paardenbloem (ontgiften lichaam), Mariadistel + Vitamine D plantaardig (herstellen longweefsel, covid-19)','zwangerschap, borstvoedingsperiode','','Rijk aan silymarine. Ondersteunt leverherstel, galafvoer en detoxificatie. Wordt gebruikt bij leverinsufficiëntie, alcoholgebruik en ter bescherming van long- en leverweefsel. Bewezen ontgiftende werking.','mariadistel.jpg'),(42,'Maté','Ilex paraguariensis','Maté is een populaire Zuid-Amerikaanse theesoort met krachtige opwekkende en afslankende eigenschappen. De bladeren bevatten natuurlijke vetverbranders en suikermetabolisme-regelaars, wat bijdraagt aan effectief gewichtsverlies. Maté ondersteunt bij vetverbranding, verhoogt de energie en helpt bij het verkrijgen van een sneller verzadigd gevoel.','vermageringskuren, afslanken, vetverbrander, overtollige kilo’s','Blad','Maté + Garcinia (overgewicht met cellulitis), Maté + Konjac (sneller verzadigd gevoel), Maté + Moederkruid (spanningshoofdpijn)','zwangerschap, borstvoedingsperiode','','Stimuleert vetverbranding en suikerstofwisseling. Ondersteunt afslankkuren, energiebalans en verzadiging. Werkt opwekkend en bevordert mentaal en lichamelijk uithoudingsvermogen.','mate.jpg'),(43,'Melisse (Citroenmelisse)','Melissa officinalis','Melisse, ook wel citroenmelisse genoemd, is een rustgevende plant met een frisse citroengeur. Ze werkt krampwerend op het maag-darmstelsel en ondersteunt de galafscheiding, wat de spijsvertering ten goede komt. Daarnaast heeft melisse een kalmerend effect op het zenuwstelsel en helpt ze bij innerlijke onrust, stress, slapeloosheid en examenstress.','maag- en darmkrampen, spijsverteringsstoornissen, nervositeit, stress, slapeloosheid, angst, depressies, innerlijke onrust, examenstress, plantenkoorts','Blad','Melisse + Avena sativa (paniekaanvallen, nachtmerries), Melisse + Artisjok (opgezette maag, moeilijke spijsvertering)','zwangerschap, borstvoedingsperiode','','Krampwerend en kalmerend. Verlicht spijsverteringsklachten en ondersteunt mentale rust. Geschikt bij stress, innerlijke onrust en slaapklachten. Verbetert galafscheiding.','melisse.jpg'),(44,'Meidoorn','Crataegus laevigata','Meidoorn is een krachtig kruid dat traditioneel wordt ingezet bij hart- en vaatproblemen. De bloemknoppen bevatten flavonoïden zoals hyperoside en vitexine die de hartslag reguleren, kransslagaders verwijden en de bloeddruk verlagen. Meidoorn bevordert de doorbloeding van de hartspier en helpt bij herstel na hartproblemen. Het werkt kalmerend bij hartkloppingen en spanningen.','hartkloppingen, hart- en vaatziekten, hartritmestoornissen, pijn op de borst, hoge bloeddruk','Bloemknop','Meidoorn + Rhodiola (stress bij volwassenen), Meidoorn + Moederkruid + Maretak (ziekte van Ménière), Meidoorn + Passiebloem (ontwennen slaappillen), Meidoorn + Q10 (hartfalen/hartritmestoornissen)','zwangerschap, borstvoedingsperiode','','Reguleert hartslag en bloeddruk. Verbetert doorbloeding van de hartspier. Ondersteunt het cardiovasculaire systeem bij stress, hartritmestoornissen en hoge bloeddruk. Traditioneel ingezet bij hartzwakte en angstgevoelens.','meidoorn.jpg'),(45,'Pompoenpitolie','Cucurbita pepo','Pompoenpitolie wordt gewonnen uit de zaden van de pompoenplant en staat bekend om zijn ondersteunende werking op de prostaat en urinewegen. De olie is rijk aan sterolen en helpt bij goedaardige prostaatvergroting, verbetert de urinestroom en ondersteunt bij ongewenst urineverlies, ook bij vrouwen met verslapte bekkenbodemspieren.','prostaatvergroting, pijn bij het urineren, nadruppelen van urine, ongewenst urineverlies, blaasontsteking','Pitten','Pompoenpitolie + Cranberry (infectie in resturine bij mannen), Pompoenpitolie + Russische Ginseng (verslapping bekkenbodemspieren)','zwangerschap, borstvoedingsperiode','','Rijk aan sterolen. Ondersteunt prostaatgezondheid en bekkenbodemspieren. Bevordert de urinestroom en voorkomt nadruppelen en ongewenst urineverlies. Geschikt voor zowel mannen als vrouwen.','pompoenpitolie.jpg'),(46,'Plantaardige Kool','Carbo vegetalis','Plantaardige Kool wordt verkregen uit verkoolde kokosnootschalen en is een krachtig natuurlijk adsorptiemiddel. Dankzij een zeer poreuze structuur kan het effectief toxines, gassen en bacteriën binden in het spijsverteringskanaal. Het is inzetbaar bij diarree, voedselvergiftiging, opgeblazen gevoel, winderigheid en slechte adem door darmfermentatie.','voedselvergiftiging, diarree, slechte adem, opgeblazen gevoel, winderigheid, mondflora problemen','Kokosnootschalen','Plantaardige Kool + Blauwe Bosbesvrucht (diarree), Plantaardige Kool + Venkel (prikkelbare darm)','zwangerschap','','Zeer sterk adsorberend vermogen. Reinigt darmen van toxines en gassen. Effectief bij spijsverteringsklachten, winderigheid en slechte adem. Houd afstand van andere medicatie bij inname vanwege mogelijke interactie.','plantaardige_kool.jpg'),(47,'Passiebloem','Passiflora incarnata','Passiebloem is een sierlijke slingerplant met kalmerende eigenschappen die doorslaapproblemen en slapeloosheid op natuurlijke wijze aanpakt. Het bovengrondse gedeelte bevat flavonoïden en alkaloïden die bijdragen aan ontspanning en een gezonde nachtrust. Het herstelt het slaappatroon zonder verslavende werking en wordt ingezet bij stress, nervositeit en nachtelijk ontwaken.','doorslaapproblemen, slapeloosheid, nervositeit, stress, nachtelijk ontwaken','Bovengronds gedeelte','Passiebloem + Meidoorn (ontwennen slaappillen), Passiebloem + Goudpapaver (ongestoorde nachtrust)','zwangerschap, borstvoedingsperiode','','Rustgevend bij slaapproblemen en innerlijke onrust. Bevordert doorslapen zonder gewenning. Ook geschikt voor kinderen. Verbetert nachtrust bij stress en spanning.','passiebloem.jpg'),(48,'Paardenbloem','Taraxacum officinalis','Paardenbloem is een veelvoorkomende plant met krachtige detox-eigenschappen. De wortel werkt vochtafdrijvend, stimuleert de lever en galblaas, en bevordert de uitscheiding van toxines. Door de aanwezigheid van bitterstoffen verhoogt het de galproductie en verbetert het de spijsvertering. Wordt ingezet bij detoxkuren, gal- en nierstenen en voor het stimuleren van de stofwisseling.','opgehoopte toxines, detox, ontgiften van het lichaam, gal- en nierstenen','Wortel','Paardenbloem + Mariadistel (ontgiften lichaam), Paardenbloem + Salvia (opgezette buik voor menstruatie), Paardenbloem + Artisjok (psoriasis), Paardenbloem + Artisjok + Grote Klis (geelzucht)','zwangerschap','','Krachtige detoxplant. Stimuleert galproductie en leverwerking. Ondersteunt afvoer van toxines en preventie van gal- en nierstenen. Verbetert spijsvertering en stofwisseling.','paardenbloem.jpg'),(49,'Moederkruid','Tanacetum parthenium','Moederkruid is een traditioneel kruid met een sterke geur en krachtige werking tegen migraine en hoofdpijn. De bloemknoppen bevatten parthenolide, een stof die het vrijkomen van serotonine remt en daardoor migraineaanvallen helpt voorkomen en verzachten. Ook effectief bij oorsuizen (tinnitus) veroorzaakt door uiteenlopende oorzaken zoals infecties of hoge bloeddruk.','hoofdpijn, migraine, voorkomen van migraine, oorsuizen (tinnitus)','Bloemknop','Moederkruid + Ginkgo (oorsuizen), Moederkruid + Maté (spanningshoofdpijn), Moederkruid + Teunisbloemolie (premenstruele migraine)','zwangerschap, borstvoedingsperiode, bloedverdunners','','Bevat parthenolide. Preventieve werking tegen migraine en hoofdpijn. Verlicht tinnitusklachten. Niet gebruiken in combinatie met bloedverdunners of tijdens zwangerschap.','moederkruid.jpg'),(50,'Resveratrol','Vitis vinifera','Resveratrol is een krachtig antioxidant dat voorkomt in de schil van blauwe druiven. Het heeft een celbeschermende werking, vertraagt het verouderingsproces en ondersteunt hart- en bloedvaten. Door zijn antioxidatieve werking wordt het veel ingezet bij anti-aging en ter preventie van hart- en vaatziekten.','celveroudering, hoge bloeddruk, cholesterol, veroudering van de huid, hart- en vaatziekten','Blauwe druiven','Resveratrol + Lijnzaadolie (Omega-3-olie) (celveroudering vertragen), Resveratrol + Meidoorn (ondersteunen hartfunctie)','zwangerschap, borstvoedingsperiode','','Polyfenol uit druivenschil. Verbetert bloeddruk, beschermt cellen tegen vrije radicalen, ondersteunt hart- en bloedvaten, populair als anti-aging supplement.','resveratrol.jpg'),(51,'Reishi – Shiitake – Maitake','Ganoderma lucidum – Lentinus edodes – Grifola frondosa','Deze medicinale paddenstoelenmix uit de traditionele Chinese en Japanse geneeskunde ondersteunt het immuunsysteem en verhoogt de weerstand. Reishi (Gesteelde Lakzwam) wordt gebruikt als extract, Shiitake is eetbaar en groeit op hardhout, en Maitake (‘eikhaas’) is bekend om zijn antivirale en ontstekingsremmende werking. Geschikt bij chronische vermoeidheid, verzwakt immuunsysteem, en ter ondersteuning tijdens chemokuren.','Immuunsysteem (verzwakt), verlagen bloeddruk, haarverlies en misselijkheid (chemokuur), chronische vermoeidheid (burn-out), burn-out, griep','Gedroogde paddenstoelen','Reishi + Shiitake + Maitake + Brandnetel (chemokuur), Reishi + Shiitake + Maitake + Rhodiola (burn-out)','zwangerschap, borstvoedingsperiode','','Mix van drie krachtige paddenstoelen. Stimuleert immuunsysteem, ondersteunt herstel bij chemotherapie en burn-out. Antiviraal, antibacterieel en ontstekingsremmend.','reishi_shiitake_maitake.jpg'),(52,'Q10 (Ubiquinol)','Ubiquinol','Ubiquinol, de biologisch actieve vorm van co-enzym Q10, speelt een essentiële rol in de energieproductie in onze lichaamscellen. Het verbetert de werking van cellen, weefsels en organen, ondersteunt gezond tandvlees, verhoogt de weerstand en helpt bij vermoeidheid en spierklachten, vooral bij gebruik van statines.','bloedend tandvlees, parodontitis, loszittende tanden, vermoeidheid, herstel na ziekte, verminderde weerstand, spierpijn, tintelingen in handen en voeten','Biologisch actieve vorm van Q10','Q10 + Rode Gist Rijst (verlaging cholesterol)','','','Ondersteunt bio-energetische processen. Bevordert herstel bij vermoeidheid, verbetert tandvleesconditie, en vermindert statine-gerelateerde spierklachten.','q10_ubiquinol.jpg'),(53,'Propolis','Propolis','Propolis is een harsachtige substantie verzameld door bijen uit knoppen en hars van bomen. Bijen gebruiken het als natuurlijk beschermmiddel tegen bacteriën, virussen en schimmels. Voor mensen werkt het als een natuurlijk antibioticum, rijk aan vitamines en antioxidanten, en wordt vooral ingezet bij winterkwaaltjes en ter versterking van het immuunsysteem.','activering van het afweersysteem, stimulatie van het immuunsysteem, bestrijding bacteriën virussen en schimmels, ontstekingen (keel huidinfecties etc.), kalknagels','Knoppen en hars van bomen','Propolis + Echinacea (stimulatie immuunsysteem, herpes), Propolis + Heermoes (kalknagels)','zwangerschap, de periode dat borstvoeding wordt gegeven, allergie voor bijenkorfproducten','','Bevat vluchtige oliën, vitaminen A, B, C, E en sporenelementen. Verhoogt weerstand en werkt antibacterieel, antiviraal en antischimmel.','propolis.jpg'),(54,'Rhodiola','Rhodiola rosea','Rhodiola is een bergplant die groeit op grote hoogte en bekendstaat om zijn adaptogene eigenschappen. Het helpt het lichaam en de geest zich aan te passen aan extreme omstandigheden, voorkomt uitputting en bevordert zowel fysiek als mentaal herstel. Het wordt veel gebruikt in Rusland om de prestaties van soldaten en sporters te verbeteren.','burn-out, prestatiedruk, vermindering energie door onrust of drukke werkzaamheden, verminderd uithoudingsvermogen, geestelijke druk en inspanning, overbelasting van lichaam en geest, kortstondige stress','Wortel','Stress bij volwassenen: Rhodiola + Meidoorn, Burn-out: Rhodiola + Russische Ginseng','zwangerschap, de periode dat borstvoeding wordt gegeven','','Rhodiola verhoogt de veerkracht en het uithoudingsvermogen van lichaam en geest, vermindert de impact van stress en bevordert herstel na mentale of fysieke belasting.','rhodiola.jpg'),(55,'Rode Klaver','Trifolium pratense','Rode Klaver is een vaste plant uit de vlinderbloemenfamilie met roze tot rode bloemen. Het is rijk aan isoflavonen (fyto-oestrogenen) die vergelijkbaar zijn met lichaamseigen oestrogenen en kunnen helpen bij overgangsverschijnselen zoals opvliegers, prikkelbaarheid en stemmingswisselingen. Rode Klaver ondersteunt ook preventief bij osteoporose.','opvliegers, prikkelbaarheid, stemmingswisselingen, nachtelijk transpireren, osteoporose (preventief)','Bloeiende toppen','Opvliegers: Rode Klaver + Salvia','zwangerschap, de periode dat borstvoeding wordt gegeven','','Rode Klaver bevat fyto-oestrogenen (plantaardige oestrogenen) die het hormonale evenwicht bij vrouwen in de overgang kunnen ondersteunen. Ze werken mild en helpen bij typische overgangsklachten.','rode_klaver.jpg'),(56,'Rode Gist Rijst','Monascus purpureus','Rode Gist Rijst is een traditioneel Chinees voedingssupplement dat wordt verkregen door fermentatie van rijst met de schimmel Monascus purpureus. Het bevat monacoline K, een natuurlijke stof die de aanmaak van cholesterol in de lever remt en daardoor effectief het LDL-cholesterol verlaagt. Het wordt gezien als een natuurlijk alternatief voor statines.','te hoog cholesterolgehalte, te hoge triglyceriden, hart- en vaatziekten','Gefermenteerde rijstkorrels','Verlaging cholesterol: Rode Gist Rijst + Q10','zwangerschap, de periode dat borstvoeding wordt gegeven','','Rode Gist Rijst is populair bij mensen die statines slecht verdragen. Grapefruit kan het effect van monacoline K versterken en dient daarom vermeden te worden tijdens gebruik.','rode_gist_rijst.jpg'),(57,'Russische Ginseng (Siberische Ginseng)','Eleutherococcus senticosus','Russische Ginseng is een adaptogeen kruid afkomstig uit Siberië. Het helpt het lichaam zich aan te passen aan fysieke, mentale en emotionele stress en staat bekend om zijn prestatieverhogende en herstellende eigenschappen. Het wordt vaak gebruikt bij geestelijke vermoeidheid, stress en verlaagd libido. Daarnaast ondersteunt het de spierfunctie rond de bekkenbodem.','concentratieverlies, geestelijke vermoeidheid, stress, verlaagd libido, bekkenbodeminstabiliteit','Wortel','Ontwikkelen spierkracht: Russische Ginseng + Fenegriek; Bekkenbodeminstabiliteit: Russische Ginseng + Goudpapaver; Burn-out, oververmoeidheid: Russische Ginseng + Avena sativa','zwangerschap, borstvoeding','','Russische Ginseng wordt ingezet bij hoge mentale druk, herstel na ziekte, verminderde prestaties en fysieke uitputting. Het is populair bij sporters, astronauten en mensen die langdurig onder spanning staan.','russische_ginseng.jpg'),(58,'Royal Jelly','Royal Jelly','Royal Jelly, ook wel koninginnegelei genoemd, is een exclusieve bijenproductie die de bijenkoningin voedt. Het is een rijke bron van vitaminen, mineralen, aminozuren en vetzuren. Het versterkt het immuunsysteem, vertraagt veroudering, ondersteunt herstel na ziekte en is ideaal voor kinderen in de groei.','lichamelijke vermoeidheid, kinderen in de groei, gevoeligheid voor veroudering, herstel na ziekte','Verse voeding voor de bijenkoningin','Lichamelijke vermoeidheid: Royal Jelly + Ginseng; Onmiddellijke oppepper: Royal Jelly + Guarana; Vermoeidheid: Royal Jelly + Maca; Herstel na ziekte: Royal Jelly + Ashwagandha','astma, bronchitis','','Royal Jelly is een krachtige natuurlijke energiebron die vitaliteit bevordert, het metabolisme stimuleert en cellen beschermt tegen veroudering. Het is met name geschikt voor herstel na fysieke inspanning of ziekte.','royal_jelly.jpg'),(59,'Salvia','Salvia officinalis','Salvia, ook bekend als salie, is een traditioneel kruid uit het Middellandse Zeegebied dat bekendstaat om zijn positieve werking bij hormonale klachten. Het werkt zweetremmend, helpt bij overgangsklachten zoals opvliegers en nachtelijk zweten, en wordt ook ingezet bij andropauze en menstruatieproblemen.','opvliegers, overgangsklachten, nachtelijk transpireren, andropauze, onregelmatige menstruatie, virusinfecties, zweetvoeten','blad','Opvliegers: Salvia + Rode Klaver; Opgezette buik door menstruatie: Salvia + Paardenbloem; Onregelmatige menstruatie: Salvia + Teunisbloemolie','zwangerschap, borstvoeding','','Salvia bevat fyto-oestrogenen die helpen bij hormonale klachten. Het is effectief tegen overmatig zweten, ondersteunt bij de overgang (zowel vrouwelijk als mannelijk) en bevordert een regelmatige menstruatiecyclus.','salvia.jpg'),(60,'Saffraan','Crocus sativus','Saffraan is een van de oudste, meest bekende en kostbaarste specerijen ter wereld. Het staat bekend om zijn karakteristieke smaak en kleur, en wordt al eeuwenlang gebruikt in diverse wereldkeukens. In de fytotherapie wordt het ingezet als natuurlijk antidepressivum, vanwege zijn positieve invloed op stemming, angst en stress. De werkzame bestanddelen crocin en safranal ondersteunen de neurotransmitters in de hersenen.','neerslachtigheid, depressie, geestelijke disbalans, angst (aanvallen), stress, stemmingsstoornis, burn-out','stijlen & stampers','Burn-out: Saffraan + Rhodiola; Depressie: Saffraan + Griffonia; Angstaanvallen: Saffraan + Goudpapaver','zwangerschap, de periode dat borstvoeding wordt gegeven','','Saffraan staat ook bekend als \'het rode goud\' en is bijzonder effectief bij mentale vermoeidheid en emotionele instabiliteit. Het helpt om stress en angsten te verminderen, bevordert een positieve stemming, en draagt bij aan celbescherming tegen oxidatieve stress. De werking is voelbaar na 6 weken, met optimaal resultaat na 8 weken.','saffraan.jpg'),(61,'Spirulina','Spirulina maxima','Spirulina is een blauwgroene alg die bekendstaat als een superfood. Ze groeit van nature in tropische en subtropische wateren, maar wordt tegenwoordig ook gekweekt in aquaculturen. Spirulina is bijzonder rijk aan eiwitten, bevat alle essentiële aminozuren en voorziet het lichaam langdurig van energie. Het is een uitstekende bron van chlorofyl en ijzer en draagt bij aan celregeneratie en het vertragen van verouderingsprocessen.','vitaliteit (gebrek aan), lage energieniveaus, vermoeidheid, herstel na ziekte, diabetes type 2','alg','Herstel na ziekte: Spirulina + Royal Jelly; Hooikoorts: Spirulina + Weegbree; Aanvulling dieet veganisten: Spirulina + Biergist','zwangerschap','','Spirulina bestaat voor 60–70% uit eiwit met alle essentiële aminozuren. Het reguleert de bloedsuikerspiegel dankzij het pigment phycocyanine en vertraagt het fysieke en mentale verouderingsproces door stimulatie van de aanmaak van rode bloedcellen en verbeterde celademhaling.','spirulina.jpg'),(62,'Sint Janskruid','Hypericum perforatum','Sint Janskruid is een in Europa veel voorkomende plant die bloeit rond de langste dag van het jaar. De plant staat bekend om haar positieve invloed op de gemoedstoestand. Het wordt ingezet bij neerslachtigheid, innerlijke onrust en hormonale disbalans na bevalling of tijdens de overgang. In tegenstelling tot synthetische antidepressiva kent Sint Janskruid geen gewenning.','depressiviteit, innerlijke onrust, overspannenheid, neerslachtigheid, sombere stemming, prikkelbaarheid','bloemknop','Whiplash: Sint Janskruid + Ginkgo; Gespannen + migraine: Sint Janskruid + Moederkruid','zwangerschap, de periode dat borstvoeding wordt gegeven','','Sint Janskruid is een natuurlijk antidepressivum dat zonder bijwerkingen langdurig gebruikt kan worden. Een kuur van 2–3 maanden geeft het beste resultaat. Bij hoge doseringen en zonlicht kan het overgevoeligheid veroorzaken bij mensen met een lichte huid.','sint_janskruid.jpg'),(63,'Valeriaan','Valeriana officinalis','Valeriaan is een vaste plant die in Europa voorkomt, vooral op vochtige gronden langs wateroevers. De wortel bevat rustgevende bestanddelen zoals vluchtige olie en valepotriaten, die effectief zijn bij nervositeit, stress en slaapproblemen. Het middel veroorzaakt geen gewenning of versuffing en is veilig te gebruiken, zelfs bij examenstress.','nervositeit, stress, slaapproblemen, examenstress, tabaksverslaving','wortel','Inslapproblemen: Valeriaan + Goudpapaver; Stoppen met roken: Valeriaan + Guarana','zwangerschap, de periode dat borstvoeding wordt gegeven','','Valeriaan kan veilig gebruikt worden bij stressvolle situaties, zoals examens, zonder invloed op het reactievermogen. Het wordt ook ingezet bij stoppen met roken vanwege het kalmerende effect. Vermijd tincturen met alcohol als je nog moet rijden.','valeriaan.jpg'),(64,'Teunisbloemolie','Oenothera biennis','Teunisbloemolie wordt gewonnen uit de zaden van de teunisbloem, een plant die in de avond grote gele bloemen opent. De olie is rijk aan linolzuur en gammalinoleenzuur en ondersteunt het hormonale evenwicht tijdens de tweede helft van de menstruele cyclus. Het is effectief bij menstruatieklachten en premenstrueel syndroom (PMS).','menstruatieklachten, premenstrueel syndroom (PMS), gespannen borsten, buikpijn','zaad','Droge huid: Teunisbloemolie + Borage-olie; Onregelmatige menstruatie: Teunisbloemolie + Salvia; Premenstruele migraine: Teunisbloemolie + Moederkruid','zwangerschap, de periode dat borstvoeding wordt gegeven','','Teunisbloemolie ondersteunt vrouwen tijdens de tweede helft van de cyclus en helpt bij typische PMS-symptomen zoals buikpijn, gespannen borsten en stemmingswisselingen. De olie wordt verkregen via koude persing en bevat waardevolle vetzuren voor hormonale balans.','teunisbloemolie.jpg'),(65,'Venkel','Foeniculum vulgare','Venkel is een plant uit het Middellandse Zeegebied en staat bekend om zijn anijsachtige geur en smaak. De vrucht bevat vluchtige olie met krampwerende eigenschappen en wordt ingezet bij spijsverteringsproblemen. Venkel is effectief bij winderigheid, opgeblazen gevoel en maag-darmkrampen.','maag-darmkramp, winderigheid, opgeblazen gevoel, maagpijn, buikpijn, onvoldoende borstvoeding','vrucht','Prikkelbare Darm: Venkel + Plantaardige Kool; Misselijkheid: Venkel + Gember; Nerveuze buikklachten: Venkel + Hop','zwangerschap, de periode dat borstvoeding wordt gegeven','','Venkel ondersteunt een gezonde spijsvertering en helpt bij gasvorming en darmkrampen. Het wordt ook traditioneel gebruikt om de melkproductie te bevorderen, hoewel Fenegriek tegenwoordig vaker wordt aanbevolen voor dit doel.','venkel.jpg'),(66,'Weegbree','Plantago major','Weegbree is een tredplant die veel voorkomt op paden in Europa. Het blad bevat aucuboside, een stof met jeukstillende en ontstekingsremmende eigenschappen. Weegbree wordt ingezet bij allergieën, huidaandoeningen met jeuk, hooikoorts en luchtwegaandoeningen zoals astma en bronchitis.','hooikoorts, jeuk, huisstofmijtallergie, allergie, huidproblemen, astma, bronchitis','blad','Gordelroos: Weegbree + Cat’s Claw','zwangerschap, de periode dat borstvoeding wordt gegeven','','Weegbree helpt effectief bij het bestrijden van hooikoorts en allergische reacties. Dankzij zijn slijmoplossende werking is het ook geschikt voor luchtwegproblemen. Preventief gebruik tijdens het pollenseizoen kan klachten voorkomen.','weegbree.jpg'),(67,'Vrouwenmantel','Alchemilla vulgaris','Vrouwenmantel ontleent haar naam aan de mantelvormige bladeren die lijken op de zachte binnenkant van de baarmoeder. De plant heeft een samentrekkende werking door het hoge tanninegehalte en ondersteunt de baarmoeder direct na de bevalling. Het kruid wordt traditioneel ingezet bij vrouwelijke ongemakken zoals menstruatiepijn, witte vloed en hormonale disbalans.','baarmoederverzakking, menstruatiepijn, PMS, witte vloed, overmatige menstruatie','blad','Vaginale ontsteking: Vrouwenmantel + Canadese Geelwortel','zwangerschap','','Vrouwenmantel reguleert de menstruatiecyclus en verlicht klachten zoals pijn en overvloedige of juist te zwakke menstruatie. Het ondersteunt ook bij hormonale veranderingen en wordt preventief ingezet na een bevalling om de baarmoeder te herstellen.','vrouwenmantel.jpg'),(68,'Vitamine D3 (plantaardig)','Korstmos (lichen)','Vitamine D3 uit korstmos is een volledig plantaardig alternatief voor de dierlijke vorm en bevat de goed opneembare cholecalciferol D3. Korstmos is een unieke symbiose tussen een schimmel en een alg en groeit onder andere in het Noordpoolgebied. Deze plantaardige vitamine D3 is essentieel voor mensen die weinig zonlicht krijgen of bewust plantaardig leven.','botontkalking, osteoporose, botbreuken, zwakte (gebrek aan), spierzwakte, immuunsysteem (verzwakt), weerstand, Covid-19, ziekte van Pfeiffer, ziekte van Crohn, ziekte van Parkinson, ziekte van Lyme, ziekte van Sjögren, ziekte van Hirschsprung, prikkelbare darm syndroom','schimmel en alg','Preventie klachten Covid-19: Vitamine D3 plantaardig + Resveratrol; Verbetering darmmicrobioom: Vitamine D3 plantaardig + Acidophilus; Versterken immuunsysteem: Vitamine D3 plantaardig + Lijnzaadolie (Omega-3 olie); Ziekte van Pfeiffer: Vitamine D3 plantaardig + Cat’s Claw; Ziekte van Crohn: Vitamine D3 plantaardig + Boswellia en/of Curcuma','','','Vitamine D3 is essentieel voor calciumopname, sterke botten, tanden en een goed werkend immuunsysteem. Voor mensen met weinig zonlicht of een plantaardig dieet is suppletie noodzakelijk. Uit onderzoek blijkt dat het immuunsysteem sterker functioneert bij een goed vitamine D-niveau, wat belangrijk is bij o.a. Covid-19 en chronische aandoeningen.','vitamine_d3_plantaardig.jpg'),(69,'Zaagbladpalm','Serenoa repens','De Zaagbladpalm is een palmachtige plant afkomstig uit het Zuidoosten van de Verenigde Staten, Zuid-Europa en Noord-Afrika. De bessen van de Zaagbladpalm worden traditioneel ingezet bij typische mannenkwalen zoals prostaatvergroting, verminderd libido, impotentie en kaalheid.','haaruitval, kaalheid (mannen), nycturie (nachtelijk plassen), prostaatvergroting, incontinentie, moeilijk plassen, impotentie, zin in sex','bes','Haaruitval mannen: Zaagbladpalm + Biergist; Prostaatvergroting: Zaagbladpalm + Pompoenpitolie; Impotentie: Zaagbladpalm + Ashwagandha','zwangerschap, de periode dat borstvoeding wordt gegeven','','Zaagbladpalm werkt ondersteunend bij het voorkomen van haaruitval door het blokkeren van het hormoon DHT, dat bijdraagt aan kaalheid. Daarnaast verhoogt het het testosteronniveau op natuurlijke wijze, wat gunstig is voor libido en erectieproblemen. Ook bij prostaatvergroting en plasproblemen biedt het verlichting.','zaagbladpalm.jpg');
/*!40000 ALTER TABLE `planten` ENABLE KEYS */;
UNLOCK TABLES;

--
-- Table structure for table `supplementen`
--

DROP TABLE IF EXISTS `supplementen`;
/*!40101 SET @saved_cs_client     = @@character_set_client */;
/*!50503 SET character_set_client = utf8mb4 */;
CREATE TABLE `supplementen` (
  `id` int NOT NULL AUTO_INCREMENT,
  `naam` varchar(255) COLLATE utf8mb4_unicode_ci NOT NULL,
  `andere_namen` text COLLATE utf8mb4_unicode_ci,
  `lost_op_in` text COLLATE utf8mb4_unicode_ci,
  `eigenschap_functie` text COLLATE utf8mb4_unicode_ci,
  `bij_tekort` text COLLATE utf8mb4_unicode_ci,
  `inzetten_bij` text COLLATE utf8mb4_unicode_ci,
  `voedingsbronnen` text COLLATE utf8mb4_unicode_ci,
  `bijzonderheden` text COLLATE utf8mb4_unicode_ci,
  `bouwstof` text COLLATE utf8mb4_unicode_ci,
  `eigenschappen` text COLLATE utf8mb4_unicode_ci,
  PRIMARY KEY (`id`)
) ENGINE=InnoDB AUTO_INCREMENT=59 DEFAULT CHARSET=utf8mb4 COLLATE=utf8mb4_unicode_ci;
/*!40101 SET character_set_client = @saved_cs_client */;

--
-- Dumping data for table `supplementen`
--

LOCK TABLES `supplementen` WRITE;
/*!40000 ALTER TABLE `supplementen` DISABLE KEYS */;
INSERT INTO `supplementen` VALUES (1,'A - retinol','Retinylacetaat en palmitaat','Vet','Weerstand verhogend, anti-infectie vitamine, anti carcinogene werking (gunstige effect op cel differentiatie), bescherming macula (gele vlek in het oog)\nCarotenen (zonder zuurstofatomen: alfa- en betacaroteen, beta-cryptoxanthine)\nXanthofylen (met zuurstofatomen): luteïne, lycopeen en zeaxanthine\nBetacaroteen bewezen anti oxidatieve werking tegen peroxyl-radicaal (vrije radicaal bij oxidatie vetzuren)','Gezichtsvermogen stoornis, verminderde weerstand infecties, ontwikkeling beenderen en gebit, verlies reuk en gebrek aan eetlust, droge en ruwe huid, allergieën en astma','Oogproblemen, weerstand bij infectieziekten, ruwe huid, acne, slechte ontwikkeling gebit en beenderen','lever, vette vis, visolie, wortelen, broccoli, melk, kaas en boter','Essentieel\nGeen hoge doseringen inzetten bij zwangerschap (risico op aangeboren afwijkingen)','',''),(2,'D - calciferol','','Vet','Mensen met donkere huid, kinderen, ouderen, zwangeren en mensen die hun huid bedekken zijn risico groepen.\nBij een tekort, verminderde opname van calcium uit de darm waardoor er een tekort in het bloed dreigt en dat','Rachitis (misvorming beendergestel), slecht tandglazuur, fibromyalgie, zenuwstelsel problemen, osteoporose, spierzwakte, vermoeidheid, pijn in spieren, pijn, minder weerstand','Verminderde weerstand, osteoporose, vermoeidheid, spier klachten, ontstekingen','Vette vis, levertraan\nDoor de huid aangemaakt onder invloed van zonlicht UV-B kracht 3','In lever omgezet in 25-dihydroxyvitamine D (calcidiol), wat in de nieren en andere weefsels wordt omgezet in','',''),(3,'D - calciferol (vervolg)','','','gaat het lichaam uit de botten halen. Daarom bij kinderen erg belangrijk om rachitis te voorkomen.\nContra indicatie hoge dosis bij hoge bloedspiegel van calcium of fosfor, hyperparathyreoïdie, sarcoïdose (ziekte van het afweersysteem) en nieraandoeningen. De omzetting naar calcitriol is vergroot waardoor het risico op hypercalciëmie toeneemt.','tegen infecties, depressie, verhoogde kans op hart- en vaatziekten en auto immuunziekten, ontstekingen, hypertensie, psoriasis, reumatoïde artritis en darmziekten','','(omzetting cholesterol in cholecalciferol)','1,25-dihydroxyvitamine D (calcitriol)\nRol D2 (ergocalciferol) nog onduidelijk, spiegel langzamer omhoog, maar ook langzamer omlaag\n100IE=2,5mcg\n1000IE=25mcg','',''),(4,'E - tocoferol','','Vet','Beschermt tegen oxidatie en vrije radicalen, beschermt meervoudig onverzadigde vetzuren tegen oxidatie, verlaging LDL cholesterol,\nVerbetert doorbloeding en vaatstelsel, oppassen bij bloedverdunners, beschermt structuur bloedvaten, reinigt kalk- en vetafzetting in bloedvaten, voorkomt littekenvorming, effectief antitrombine, splits uriniekristallen bij jicht, tegen veroudering.\nHoge dosering kan ijzergebreksanemie verergeren.','Spierproblemen/verslapping, hartafwijkingen, slappe bloedvaten, vervorming rode bloedcellen, (been)krampen, huidproblemen.\nBij teveel: slapeloosheid, indigestie, verhoogde bloeddruk en diarree','Voorkomen spierafbraak, als antioxidant, tegen vrije radicalen, tegen aderverkalking, verhoogd LDL cholesterol, jicht,','Koudgeperste plantaardige olie, zaden, noten, bladgroenten, eieren en orgaanvlees','Best opneembaar als alfa-tocoferol\nVeel als antioxidant in supplementen met olie basis.\nAltijd L- of R-, nooit DL- dit is de synthetische variant.\n1IE = 0,67mg\nAnorganisch ijzer vernietigt vit e.','',''),(5,'K1 - fyllochinon','aka fytomenadion','Vet','Activeert de stollingsfactoren in lever, tegen aderverkalking en hart- en vaatziekten, reguleert calciumhuishouding, houdt vaten flexibel, remt aderverkalking, voorkomt botontkalking (betere calciumopname in botten), verbetert insulinegevoeligheid, remt gewrichtsontstekingen, remt cognitieve veroudering, ontstekingsremmend door vorming PGE2 af te remmen (PGE2 = ontstekingsbevorderend hormoon)','Spontane bloedingen (bloedneus, tandvlees), vertraagde stolling (blauwe plekken), langere bloedingsstijd, ook bij menstruatie, osteoporose, vergroot de kans slecht genezende wonden en bloedarmoede.','','K1 vooral in groene groenten, groene thee en algen','K1 in lever opgeslagen, K2 beter opgenomen en overal in het lichaam aanwezig.\nDoseringen >100mcg icm bloedverdunners alleen in overleg met arts.','',''),(6,'K2 - menaquinon','aka menachinonen, farmachinon en MK-n','Vet','','','','K2 geproduceerd door bacteriën in darmen, alleen bij gezonde darmflora, zuivel, eieren en vlees.','','',''),(7,'C - ascorbinepalmitaat','','','Goed voor de hersenfunctie, detoxifierend en antioxidant, kan toxines en vrije radicalen ontgiften.\nKan goed doordringen in vetachtig weefsel zoals celmembranen en hersenweefsel.\nKan hersenenbarrière passeren. Kan geoxideerde vit E omzetten voor hergebruik.\nNiet insuline afhankelijk voor opname, andere varianten van vit C wel.','','Verbeteren hersenfunctie','','Ascorbylpalmitaat kan in darm worden opgenomen.','',''),(8,'B1 - thiamine','','Water','Algemeen\nEnergieproductie, co-enzym, psychisch welzijn, aanmaak rode bloedcellen\nSpecifiek\nProductie energie uit koolhydraten (suikers) in cel\nExtra\nEssentieel voor geheugen, activeert schildklier, betrokken bij productie enzymen, hormonen (insuline) en eiwitten','Algemeen\nVermoeidheid\nSpecifiek\nSlechte spijsvertering, slechte eetlust, beriberi (hart- en vaatstelsel aantasting of neurologische klachten zoals verlamming), energietekort in hersenen (overgevoeligheid geluiden, prikkels), concentratie- en geheugenverlies, beenkramp, spierzwakte, nervositeit, depressie','Alcoholisme, neuropathie, tegen insecten (muggen)','Algemeen\nVlees, granen\nSpecifiek\nNoten, zuivel, vis, eidooier, groente, fruit, aardappelen, avocado en peulvruchten','Magnesium nodig voor omzetting naar actieve vorm B1','',''),(9,'B2 - riboflavine','aka lactoflavine en vitamine G','Water','Algemeen\nEnergieproductie, co-enzym, psychisch welzijn, aanmaak rode bloedcellen\nSpecifiek\nStofwisseling vetzuren, koolhydraten en eiwitten\nExtra\nCelademhaling, groei, herstel en ontwikkeling, vruchtbaarheid, goed voor ogen, antioxidant, gaat ontstekingen tegen, goed voor huid, haar en nagels','Algemeen\nVermoeidheid\nSpecifiek\nSlechte spijsvertering, problemen met huid, nagels, haar, rood worden tong, verlaging hemoglobine niveau (bloedarmoede)','Stress','Algemeen\nVlees, granen, noten, zuivel\nSpecifiek\nNoten, zuivel, bladgroenten, broccoli, amandelen','Heeft gele pigmenten, antioxidant, betrokken bij biochemisch proces B3, B6, B11 en B12, cofactor bij aanmaak glutathion.','',''),(10,'B3 - niacine','aka nicotinezuur en nicotinamide','Water','Algemeen\nEnergieproductie, co-enzym, stofwisseling koolhydraten, vetten en eiwitten, enzymen, neurotransmitters en hormonen\nSpecifiek\nBelangrijk bij vorming enzymen NAD en NADP (co-enzym I en II)/betrokken bij >200 biochemische reacties, regulering gezonde bloedlipiden, goed voor bloedcirculatie en betrokken bij schildklierhormoon Thyroxine (T4)\nExtra\nBetere bloedcirculatie, positief effect op HDL-cholesterol (bloedlipidenspiegel), kan bloeddruk verlagen, stimuleert regulatie bloedsuikerspiegel','Algemeen\nVermoeidheid\nSpecifiek\nHuidproblemen, hartkwalen, slijmvliesproblemen in mond, tong en darmen, gezwollen rode tong, slapeloosheid, mentale problemen, cholesterolverhoging, dementie, migraine, hoge bloeddruk','Cognitieve achteruitgang (bijv. Alzheimer), schizofrenie, slapeloosheid, migraine','Algemeen\nVlees, granen\nSpecifiek\nVis, koffie, pinda’s, dadels, vijgen, pruimen','Beperkte eigen productie uit tryptofaan, Niacine geeft flush (rood hoofd)/nicotinamide niet, PP-factor (pellagra preventief, voorkomt vitamine deficiëntie ziekte)\nnicotinamide adenine dinucleotide (co-enzym I) en nicotinamide adenine dinucleotide fosfaat (co-enzym II)','',''),(11,'B5 - pantotheenzuur','3 vormen: calcium pantothenaat, dexpanthenol en panthenol','Water','Algemeen\nEnergieproductie, co-enzym, anti-stress hormoon\nSpecifiek\nMetabolisme macronutriënten (koolhydraten, vetten, eiwitten), vorming cholesterol, afbraak en transport vetten, vorming en opbouw vetzuren, aanmaak melatonine\nExtra\nVoortplanting, groei, opbouw hormonen, neurotransmitters, vetstoffen, hemoglobine, gezonde huid, gewicht en geestelijk welzijn vanwege gunstige werking op bijnieren en hypofyse','Algemeen\nVermoeidheid\nSpecifiek\nEczeem, spierkrampen, reumatische aandoeningen, krampen, haaruitval, verminderde weerstand, bijnieruitputting','Stress, blessures, huidproblemen en voor het immuunsysteem','Algemeen\nVlees, granen\nSpecifiek\nVis, ei, groenten, fruit, zuivel, noten, peulvruchten','Bouwsteen voor acetyl-co-enzym A (cellulair verbrandingsproces), stimuleert werking vitamine C.\nGaat verloren tijdens bewerken en bewaren van voeding\nPantotheen niet veelvoorkomend, zit dus in veel voedingsmiddelen\nWordt afgebroken door aspirine, antibiotica, koffie, anticonceptiepil en stress','',''),(12,'B6 - Pyridoxal-5-fosfaat (P5P)','aka pyridoxine (PN) en Pyridoxamine (PM)','Water','Algemeen\nEnergieproductie, co-enzym voor hormonen en enzymen, aanmaak rode bloedcellen\nSpecifiek\nStofwisseling koolhydraten, vetten en eiwitten, zenuwstelsel, regulatie cholesterol/cholesterolstofwisseling\nExtra\nCelenergie en vetstofwisseling, stimuleert oestrogeen, reguleert natrium/kalium balans, ondersteunt vochthuishouding','Algemeen\nVermoeidheid\nSpecifiek\nAcné, bloedarmoede, duizeligheid, PMS, weerstandvermindering, zenuwaandoeningen, oedeem, bloedsuikontregeling, verhoogde uitscheiding calcium, zink en magnesium en lagere koperopname','PMS (stimuleert oestrogeen) en hormonale migraine samen met magnesium tauraat, zwangerschap misselijkheid','Algemeen\nVlees, granen\nSpecifiek\nEidooier, banaan, aardappelen, kool, soja','Verlagen homocysteïne gehalte icm B11 (foliumzuur) en B12.\nGaat verloren tijdens koken, hierdoor vaak tekort.\nP5P best opneembare vorm.\nUitscheiding verhoogt door vit C.','',''),(13,'B7 - Inositol','','Water','Algemeen\nVettransport van lever naar cellen, galvorming, insulinewerking, geheugen, concentratie, verbranding van lichaamsvet\nSpecifiek\n','Algemeen\nVermoeidheid\nSpecifiek\nEczeem, groeistoornissen, haaruitval, oogaandoeningen, constipatie en leververvetting','Insulineresistentie, metabool syndroom, vermindering depressie icm met omega 3 en B-complex','Algemeen\nVlees, granen\nSpecifiek\nLecithine (ei, soja, pitten en plantaardige olie), zuivel','Kan het lichaam zelf aanmaken.\nCholesterol wordt door inositol kleiner gemaakt.','',''),(14,'B8 - (afkorting ontbreekt in afbeelding)','','','Met choline tegen leververvetting en gezonde cholesterolspiegel, maakt cholesterol kleiner, goed voor de hersenfunctie','Eczeem','','citrusvruchten, peulvruchten, sperziebonen','Niet in B-complex','',''),(15,'B8 - Biotine','aka B7 en vitamine H','Water','Algemeen\nEnergieproductie, co-enzym voor hormonen en enzymen, neurotransmitters, aanmaak rode bloedcellen\nSpecifiek\nHuid, haar, nagels, Stofwisseling koolhydraten, vetten en eiwitten, werking talgklierjes, verhoogt tolerantie zon, gekoppeld aan histonen (eiwitten voor compact DNA)','Roos, haaruitval, grijs haar, hormoon disbalans, huidproblemen','Haaruitval, wens voor gezond haar, huid en nagels','Algemeen\nZuivel, ei, noten, groenten, soja','Kan aangemaakt worden in darm, B5 verlaagt opname B8, ander tijdstip innemen\nWerkt nauw samen met B6, B11 en B12.','',''),(16,'B11 - Foliumzuur','In USA en België vitamine B9, folaat','Water','Algemeen\nEnergieproductie, co-enzym voor hormonen en enzymen, neurotransmitters, eiwitten, aanmaak rode bloedcellen\nSpecifiek\nVorming DNA/RNA, nieuwe lichaamscellen, herstel beschadigd weefsel, en methylerying (stoffen en cellen maken/dupliceren)\nExtra\nVerlaagt homocysteïne icm B6 en B12, eetlust, groei, vruchtbaarheid, bevordert melksecretie\nNatuurlijke vorm (tetrahydrofolaat) niet als supplement omdat onstabiel. Omzetting synthetische vorm naar biologisch beschikbare vorm is complex en inefficiënt.','Algemeen\nVermoeidheid\nSpecifiek\nBloedarmoede, slapeloosheid, rode tong, verhoogd homocysteïne, prikkelbaar, duizelig, open ruggetje en neurologische klachten','Zwangerschap (wens), anemie (bloedarmoede)','Algemeen\nGranen (niet in vlees)\nSpecifiek\nZuivel, noten, groenten, zalm, soja','Inname icm vit B12, hoge inname kan zink opname verminderen en vit. C vermindert foliumzuur uitscheiding, groene thee kan foliumzuur verlagen.\n5-MTHF Quatrefolic is actieve en stabiele vorm. Bij hoge dosering ook B11 doseren.','',''),(17,'B12 - Cobalamine','','Water','Algemeen\nEnergieproductie, co-enzym neurotransmitters, aanmaak rode bloedcellen, goed functioneren zenuwstelsel, omzetten caroteen naar vit. A, ondersteunt ijzer\nSpecifiek\nMethylcobalamine = aanmaak DNA en myeline en neurotransmitters, cel herstel, hersenfunctie, neurologische schade en beenmergfalen\nExtra\nVoor opname afhankelijk van IF (intrinsieke factor), IF wordt aangemaakt in maag en gebonden aan B12 in darm, samen aan einde dunne darm opgenomen','Algemeen\nVermoeidheid\nSpecifiek\nBloedarmoede, vergeetachtigheid, dementie, trillen, duizeligheid\nverhoogd homocysteïne, depressie, zwakke weerstand\nZeer veel symptomen op psychisch, neurologisch en lichamelijk vlak.','Stress, spanning, maag- en darm aandoeningen ivm IF, vegetariërs, slecht werkende schildklier, tekort aan ijzer, calcium, B6 en vit. C\nMethylcobalamine (actieve vorm) bij neurologische en lichamelijke klachten.\nAdenosylcobalamine bij vermoeidheid','Dierlijke producten','Samen met B11 belangrijk voor vorming DNA en methylerying.\nB11 maskeert een tekort aan B12.\n>1000mg B11 per dag ook B12 suppleren.\nKan ook bij lagere doseringen.','',''),(18,'C - ascorbinezuur','Ester vorm is gebufferde vit. C','Water','Algemeen\nEnergieproductie, co-enzym o.a. neurotransmitters en prostaglandines (hormoonachtige stof), antioxidant, aanmaak collageen- en bindweefsel, immuunsysteem, vaatwanden en tegen bloedingen\nSpecifiek\nElasticiteit bloedvaten, alle weefsels voor stevigheid (pezen, huid, spieren, hart, botten, bindweefsel), omzetting cholesterol in gal, steroïde hormonen, carnitine, afbraak tyrosine\nExtra\nNatuurlijk vorm is linksdraaiend (L-ascorbinezuur), gebonden varianten (natrium, calcium, magnesium en zink) zijn niet zuur en Ester-C zijn niet zuur, eliminatie zware metalen, voorkomt omzetting nitraat/nitriet in nitrosaminen, verhoogt opname en opslag van ijzer, zink, chroom en mangaan (dus tegelijk met vit. C suppleren), verhoogt uitscheiding B6','Bloedend tandvlees, snel blauwe plekken (ook bij vit K), spataderen, aambeien','+zink: weerstand, verkoudheid en groep\n+quercetine: hooikoorts\n+OPC: spataderen\n+glutathion: ontgifting en antioxidant\nBloedvat problemen\nGeen hoge dosis bij chemotherapie, bestraling, ijzerstapeling, sterk verminderde nierfunctie, zwangerschap en lactatie.','Alleen plantaardig\nCitrusvruchten, spruitjes, tomaten, broccoli, boerenkool en paprika','Gaat verloren bij bewerken en bewaren voedsel en blootstellen aan lucht, warmte en licht.\nKomt meest voor in lever, skeletspieren, hypofyse en bijnieren.\nAlcohol, aspirine, stress en infecties verhogen vit. C behoefte.\nGebufferde vorm geeft geen zuurbelasting en betere opname = ester-C.\nBasissuppletie.','',''),(19,'Calcium','','','Gezonde en stevige botten en tanden, signaaloverdracht langs de celmembranen, zenuwprikkeloverdracht/neurotransmitters (elektrische prikkel), prikkelgeleiding hart, afgifte hormonen en bloedstolling. Bloeddruk regulatie, groei en samentrekking spieren. Ondersteunt enzymen. Gaat opstapeling van zuren (o.a. vetzuren) en basen in het bloed tegen.\nParathormoon (actieve vorm van vitamine D), calcitonine (schildklier) en calcium zelf reguleren calcium transport in maag darmkanaal, botten en nieren.\nCalciumniveau in bloed zegt niets over calcium in het lichaam. Niet snel supplementeren.','Hartkloppingen, hartkwalen, spierzwakte, spierpijn, vermoeidheid, prikkelbaarheid, hoog cholesterol, verhoogde triglyceriden.','Behoud sterke botten, altijd icm K2 en D3','Zuivel, groenten, granen, noten, pitten en bonen.','Elektrolyt\nMeest voorkomend mineraal in ons lichaam. Botten en tanden zijn opslagplaats. Zit in bloed, lichaamsvloeistof, celmembranen en intracellulaire structuren. Kan ijzer opname verminderen.','',''),(20,'Kalium','','','Elektrisch functioneren van lichaamscellen. Spiercontractie, zuurgaard in het lichaam, omzetten glycogeen in de lever, Kaliumrijk dieet ondersteunt gezonde nierfunctie.\nHelpt samen met natrium de bloeddruk reguleren, activiteit zenuwstelsel en enzymen.','Algehele zwakte en stijfheid, slapeloosheid, zwakke reflexen, onregelmatige pols, hartslag, hartspierschade, opgezwette buik.','Slechte spijsvertering, insuline problemen en hart- en vaatproblemen','Algemeen\nVlees\nSpecifiek\nVis, citrusvruchten, bladgroenten, broccoli, bloemkool, bananen, tomaten.','Elektrolyt\nOpgeslagen in cellen.','',''),(21,'Magnesium','','','Natuurlijk kalmeringsmiddel, stressreductie, betrokken bij meer dan 300 enzymatische reacties, stofwisseling koolhydraten, eiwitten, koolhydraten en vetten, zenuwgeleiding, spiercontractie, cholesterolstofwisseling, temperatuurregulatie, detoxificatie en gezonde botten en tanden (tandglazuur). Krachtig tegen stress, depressie en krampen. Noodzakelijk voor de calciumstofwisseling.\nBevindt zich 50% in organen en weefsels en 50% in botten (met calcium en fosfor). Slechts 1% in het bloed.','Ooglidtrillingen, krampen en spasmen, verhoogde schrikreactie, wakker schrikken omdat je denkt dat je valt. Stress is een magnesium rover!\nMigraine, hartritmestoornissen, kramp, rust in hoofd en PMS - tauraat\nFibromyalgie en CYS - malaat\nMentale functies en ontgifting van amalgaam/kwik - bisglycinaat','Spierkramp, hartproblemen, hoge bloeddruk, diabetes, verbeteren insulinegevoeligheid, fibromyalgie, migraine, stress, hormonale stoornissen (PMS)','','Elektrolyt\nWordt bij veel stress veel door lichaam gebruikt.\nAbsorptie is afhankelijk van vit D.\nBinding is essentieel voor opname. Goed opneembaar zijn bindingen aan tauraat (taurine), malaat (appelzuur) en bisglycinaat (glycine).','',''),(22,'Chroom','','','Opname insuline door cellen. Belangrijk voor koolhydraat-, eiwit- en vetmetabolisme. Vorming van vetzuren, groeiproces. Maakt deel uit van de GTF (glucose tolerantie factor). Vetopslag in lichaam onder controle houden en verbetert ratio LDL/HDL. Behoud stabiele bloedsuikerspiegel.','Verhoogde glucose- en cholesterolwaarden. Bij ernstig tekort ook neuropathie en gewichtsverlies.','Overgewicht, insulineresistentie, diabetes en onderdrukken honger gevoel','Algemeen\nVlees, granen\nSpecifiek\nPlantaardige olie, groente en zuivel','Chroom, B3 en D3 versterken elkaar bij verbeteren glucosestofwisseling en bloedsuikerspiegel.\nDit geldt ook voor de combi met alfa-liponzuur en biotine.','',''),(23,'Jodium','','','Vorming schildklierhormoon thyroxine (T4) en tri-jodothyronine (T3). Deze zorgen voor stofwisseling en lichaamstemperatuur. Jodium helpt bij afbraak voedingsmiddelen (spijsvertering), in de maag bindt het chloride (tekort aan chloride veroorzaakt maaguurtekort), stimuleert HDL-cholesterol, bij kinderen en zwangeren onmisbaar voor ontwikkeling hersenen.\nSchildklierhormonen worden gemaakt uit jodium en tyrosine. Essentieel voor groei botten, spieren en zenuwweefsel. Energieverbruik, verbranding vetten, reguleren hartslag en bloeddruk.','Hypothyreoide, kropvorming (struma), vertraagde groei en ontwikkeling, depressie, prikkelbaarheid, motorische achterstand, droge of gebarsten huid.','Traag werkende schildklier, omzetten T4 naar T3 (combineren met selenium, zink, L-Tyrosine)','Vis, zeewier, gejodeerd brood en zout, zeezout','20% opgeslagen in de huid, veel zweten kan leiden tot tekort, maaguurtekort kan oprispingen veroorzaken.\nVoorzichtig bij hyperthyreoide en ziekte van hashimoto.\nTekort aan selenium, zink, ijzer en vanadium versterkt hypothyreoide en versterkt daarmee effect van jodiumtekort.','',''),(24,'Selenium','','','Onderdeel van ontgiftig mechanisme, verhoogt veerkracht weefsels, lever ontgifting, versterkt het immuunsysteem.\nBelangrijk enzym onderdeel van glutathion (sterke antioxidant), onderdeel van enzym glutathion peroxidase (GPx, zet waterstof om in water). Beschermt tegen invloeden van zuurstof, dus tegen veroudering, belasting zware metalen onschadelijk maken, rol binnen jodium stofwisseling en ondersteunt schildklierwerking (omzetten T4 naar T3).\nEnergieproductie door samen met co-enzym Q10 (functioneren mitochondriën en energieproductie daarin), reguleren bloeddruk.','Vroegtijdig verlies van weerstand en ouderdomsverschijnselen, versnelde werking hartspier, achteruitgang huid elasticiteit.','Traag schildklier en verminderde vruchtbaarheid mannen.','Lever, schaaldieren, knoflook, uien, broccoli, paranoten, champignons en tomaten.','Werking wordt sterker icm vit E, zeker bij onschadelijk maken zware metalen.\nSlechte omzetting van T4 naar T3. Bij voldoende selenium is er een goede omzetting van T4 naar T3 en wordt jodium gebruikt om meer T4 te maken. Bij selenium suppletie kan hypothyreoide daarom verergeren als er een tekort is aan jodium.','',''),(25,'Zink','','','Krachtige antioxidant, vorming van DNA, normale eiwitstructuur, katalyseert meer dan 100 enzymen (eiwit-, vet en nucleïnezuur stofwisseling), goed voor immuunsysteem, Vorming antioxidant enzym SOD (2 zink moleculen, antioxidant werking in cel), belangrijk bij vorming T-lymfocyten, aanmaak testosteron, vorming zaadcellen, herstel huid, smaak, geur, wondgenezing, afbraak alcohol, schildklierfunctie, werking insuline.','Prostaatklachten, nagelproblemen, haaruitval, aderverkalking, minder weerstand, vertraagde groei, smaak en reuk, huidafwijkingen/slecht herstel, eetstoornis, minder eetlust, onvruchtbaarheid, miskraam, bloedsuikerproblemen en nachtblindheid.','Griep en verkoudheid icm vit C, ontstekingen, maculadegeneratie, huid- en prostaatproblemen.','Oesters, ei, vlees, vis, zaden, pitten, noten, kiemen.','Koper en zink zijn antagonisten, scheiden elkaar uit. Daarom samen innemen. Ijzer verlaagt de opname van zink, dus deze niet tegelijk innemen.\nKenmerkend bij tekort zijn witte vlekjes op nagels en verminderde reuk- en smaak.','',''),(26,'Koper','','','Vorming bindweefsel en botten, pigment haar, vorming hemoglobine, vrijmaken energie uit koolhydraten, vetten en eiwitten (dus normale energiebalans en energieniveau).','','','','','',''),(27,'Ijzer','','','Onderdeel van rode bloedcellen (hemoglobine, eiwit in bloed voor transport zuurstof), zuurstoftransport naar alle weefsels. Aanmaak DNA (groei en ontwikkeling), aanmaak neurotransmitters (dopamine en serotonine), ondersteunt aanmaak catalase (antioxidant enzym), vorming energie (ATP, adenosinetrifosfaat, drager chemische energie in cellen), weerstand, vitamine en eiwitstofwisseling en celademhaling.\nHeemijzer (vlees) en Non-heemijzer (planten).\nNon-heemijzer is lastig op te nemen icm cafeïne (koffie, thee en chocolade, niet binnen 1 uur van maaltijd gebruiken).','Bloedarmoede, duizeligheid, verminderde concentratie, kortademigheid, vermoeidheid, bleke huid en weinig eetlust.','Bloedarmoede, kortademigheid, vermoeidheid, bleke huid, weinig eetlust.','Algemeen\n(Rood) vlees, granen\nSpecifiek\nGroenten, noten, bonen, peulvruchten, eieren (dooier).','Vitamine C bevordert opname Non-heemijzer.\nCalcium kan opname ijzer verhinderen.\nIjzer verlaagt koperopname en andersom. Antagonisten.','',''),(28,'Valine (BCAA) - Essentieel','','','Aanmaak eiwitten, zenuwstelsel','','?','Vlees, zuivel, pinda’s, sojabonen','','',''),(29,'Isoleucine (BCAA) - Essentieel','','','Opbouw en groei spierweefsel, energieproductie en cel regulatie bloedsuikerspiegel','','Spieropbouw','Vlees, vis, zuivel, ei, schelpdieren, bonen en noten','','',''),(30,'Leucine (BCAA) - Essentieel','','','Aanmaak van eiwitten en mensesleiwit, spierweefseltype (afbraak en opbouw spieren) bij afwezig opbouw spieren (voor herstel) opbouw en afbraak weefsel','','Spieropbouw','Rauw rundvlees, rauwe zalm, garnalen, varkensvlees, eigeel, volkorenrijst, soja, kikkererwten, linzen, bonen en noten','','',''),(31,'Glutamine - Essentieel','','','Opbouw aminozuren (icm methionine en glucosamine), belangrijke bouwstof voor glutathion','','Lekkende darm, wondgenezing','Rundvlees, zuivel, lever, kool, avocado, bottenbouillon en wei','Meest voorkomende aminozuur in het lichaam, kan in hersenen omgezet worden in glutamaat (glutaminerzuur), verhoogt met PSP hoeveelheid GABA** (verhoogt mentale activiteit)','','Goede darmfunctie, immuunsysteem, snelle celherstelprocessen, hersenfunctie, synthese van spiereiwitten, afbraak na ziekte of operatie'),(32,'Tyrosine - Niet-essentieel','','','Omzetten schildklier- en bijnierhormoon en adrenaline stofwisseling (dopamine, adrenaline en noradrenaline)','','Cognitieve prestaties, slaapgebrek, geheugen, schildklierproblemen en stress','Vlees, vis, haver, hazelnoten, amandelen en kaas','Snel tolerantie','','Kan aangemaakt worden uit fenylalanine. Helpt bij de aanmaak van melanine (pigment stof)'),(33,'Lysine - Essentieel','','','Verbetert immuunsysteem, groei, vruchtbaarheid en opbouw spieren. Remmende werking op herpesvirus','','Herpesvirussen (o.a. koortslip en gordelroos)','Vlees, vis, zuivel, gierst en avocado','Nodig voor Carnitine','','Het versterkt het immuunsysteem als onderdeel van de antistoffen'),(34,'Arganine - Semi-essentieel aka Arg of R','','','Uitscheiden overtollig stikstof door urine (ureumcyclus, ureum vorming uit koolstofdioxide en ammoniak in de lever), stimulerende werking op herpesvirus','','Ondersteuning immuunsysteem en lever, stimuleert afgifte insuline door alvleesklier (pancreas)','Noten, zaden, gelatine, chocolade, uien en champignons','Niet inzetten bij herpesvirussen (o.a. koortslip en gordelroos)','','Bij groeiende kinderen en zieke mensen essentieel'),(35,'Tryptofaan - Essentieel','','','Basis voor serotonine (stimulerende werking), Neurologisch, bouwstof van 5-htp, serotonine en melatonine en B3.','','Depressie, pijn, slaapproblemen, vermoeidheid en migraine','Kalkoen, vis, ei, cashew en paranoten, pompoenpitten, zaden, haver, banaan','','','Bevordert nachtrust en bioritme, vermindert de gevoeligheid van pijn, bij voldoende tryptofaan, kan het omgezet worden in B3 voor extra energie, speelt een rol bij regulatie immuunrespons bij infectie, inflammatie en zwangerschap'),(36,'Methionine - Essentieel','','','Leverancier organisch zwavel, energiehuishouding, vorming huid, haar en nagels (door bevordering eiwit keratine), antioxidant, kan vermoeidheid tegengaan, ontgifting','','-','Vlees, vis, gevogelte en zuivel','Nodig voor Carnitine','','-'),(37,'Cysteïne - Niet-essentieel','','','Ontgifting, vorming huid, haar en nagels (door bevordering eiwit keratine), antioxidant','','-','Vlees, zuivel, rode peper, ui, knoflook, broccoli, spruiten en graan','Vaak suppletie als N-Acetyl-L-Cysteine (NAC)','','-'),(38,'Taurine - Niet-essentieel','','','Zenuw remmende functie, stofwisseling, angst, overactiviteit en nerveuze aandoeningen. Verbetert hartwerking, bloedvaten en spieren','','-','Vlees en vis','Eigenlijk geen aminozuur','','Zwaelhoudend, belangrijk in het netvlies (retina), een belangrijke cofactor is B6'),(39,'Carnitine - Niet-essentieel','','','L-carnitine transporteert lange vetzuren het mitochondrion in voor energiestofwisseling','','Verbetert sportprestaties, spermakwaliteit en het cognitieve vermogen bij Alzheimer','Vlees (lam, rund en varken) en in mindere mate zuivel en eieren','Is geen officieel aminozuur, wordt gemaakt uit lysine en Methionine mbv B6, B3 en ijzer','','Stimuleert de verbranding van vet, vet-metabolisme van het hart en skeletspieren, afvoer overtollige triglyceriden, drager bij transport vetzuur'),(40,'Glutathion','','','Moeder van alle antioxidanten (vrije radicalen bestrijder), ontgifting, immuun eigenschappen, DNA bescherming en anti aging (anti-oxidatieve functie)','','Langdurig chronische ziekte, toxische belasting en versterken immuunsysteem','Vlees, vis, walnoten, verse groenten (asperges, broccoli, wortel) en fruit','Is geen officieel aminozuur, wordt gemaakt uit cysteïne, glycine en glutaminezuur. Orale toediening alleen als S-Acetyl-L Glutathion.','','Grote hoeveelheden aanwezig in cellen'),(41,'Dopamine','','','','Geen zin om dingen te ondernemen, niet fijn voelen, moeilijk keuzes maken','','Gestimuleerd door leuke dingen doen, negatief beïnvloed door alcohol (op korte termijn stimulerend), cafeïne, drugs en suiker, positief beïnvloed door voeding met veel antioxidanten zoals groente en fruit. Tyrosine zit in vis, eieren, vlees, kaas, zuivel, avocado, noten, zaden en peulvruchten.','Kwetsbaar, oxideert makkelijk, omgezet in noradrenaline.','Aminozuur Tyrosine','Opwekkend, actief/out of the box denken, blij, keuzes maken, gezond libido, aangetrokken worden, goed werkend immuun- en zenuwstelsel, fysieke/emotionele/mentale kracht, bewegingsenergie, concentratie, daadkracht, doorvermogen.'),(42,'Noradrenaline / Norepinephrine','','','','','','','Omgezet in adrenaline.','Aminozuren Fenylalanine en Tyrosine. Dopamine wordt ook omgezet in noradrenaline','Motivatie, alertheid, concentratie, herinneringen opslaan in lange termijn geheugen. Omzetten vanuit de aminozuren kan alleen bij voldoende B3, B6, C, B11, ijzer en koper.'),(43,'Adrenaline','','','','','','','','Noradrenaline wordt omgezet in adrenaline','Verhoogde alertheid, vecht/vlucht reactie, overlevingsstand.'),(44,'Acetylcholine','','','','Alzheimer, mindere werking geheugen (zoeken naar woorden/namen), slechte spijsvertering, onvolledig legen darmen/blaas, moeilijk ontspannen.','','Eieren en lever, soja, volkoren graanproducten.','Bij een tekort aan B11 of B12 wordt choline als vervanger gebruikt.','Choline (400mg per dag)','Opwekkend, opslag en gebruik geheugen, concentratie, herinneringen, gedrachten, creativiteit, cognitieve functies, spiercontractie, alertheid.'),(45,'Serotonine','','','','','','Tryptofaan zit in bruine rijst, zonnebloem- en pompoenpitten, sesamzaadjes en bananen.','5-HTP passeert de hersenbarrière makkelijker. Bij de opbouw ook B1, B3, B6 en B11 nodig. Magnesium nodig voor activiteit serotonine receptoren. 90% gemaakt en opgeslagen in maag-darmkanaal en bloed, 2% in hersenen.','Tryptofaan (voorloper van 5-HTP) of 5-HTP (directe voorloper serotonine)','Kalmerend, lekker in je vel zitten, geheugen, bloeddruk, gezonde eetlust, natuurlijke pijnbestrijder, lichaamstemperatuur.'),(46,'Melatonine','','','','','','','Kan omgezet worden tot melatonine.','Omgezet vanuit serotonine','Normaal slaappatroon'),(47,'Gaba (gamma amino boterzuur)','','','','Negatieve gedachten voor het slapen, hoofd dat altijd aan staat, verhoogt kans op epilepsie.','','Broccoli, groene groenten, zaden, noten, bananen, uien en eieren.','B1 tekort = verminderde werking gaba, veel alcohol verstoord gaba neurotransmissie (slaperigheid, slechte coördinatie, afgenomen concentratie en vergeetachtigheid).','','Remmende functie op centraal zenuwstelsel, remt overactiviteit in neuronen, gaba passeert hersenbarrière moeilijk, inname via mondslijmvliezen (sublinguaal) heeft de voorkeur.'),(48,'Co-enzym Q10 (Ubiquinon/ubiquinon)','','','','','','Dierlijke bronnen een beetje.','Hoge dosering te vinden in hart en weefsels die veel energie nodig hebben. Oxideert snel. 2 vormen, ubiquinon (geoxideerde vorm) en ubiquinol (biologisch actieve vorm). Het lichaam kan ubiquinon zelf omzetten naar ubiquinol. De omzetting gaat niet goed bij ouderen. Daarom beter ubiquinol suppleren.','Aminozuur tyrosine','Komt voor in iedere cel, vetoplosbare stof, cofactor bij celademhaling in mitochondriën (energiecentrales), energievorming in cel, zonder q10 sterft de cel af, antioxidant, radicalenvanger (celmembranen soepel houden), minder lipidenperoxidatie. Lichaam kan het zelf aanmaken, productie neemt af na 40e.'),(49,'Silicium (kiezelzuur)','','','','Afwijking bindweefsel, botten en gewrichten, mindere afweer, artherosclerose.','','Volkoren granen, bananen, bonen, linzen, heermoos en brandnetel.','Antagonist van aluminium, vermindert dus stapeling aluminium (rol bij Alzheimer). Siliciumdioxide hoofdbestanddeel zand.','','Onderdeel van alle bindweefsels (huid, pezen, botten, kraakbeen, nagels, bloedvaten en slijmvliezen, nieren). Dus bij synthese van collageen, glycosaminoglycanen, hydroxyapatiet. Officieel nog niet essentieel.'),(50,'Glucosamine','','','','Gewrichtsslijtage, ontstekingen gewrichten en gewrichtskraakbeen.','','Wordt gemaakt uit chitine (pantser schaaldieren).','Natuurlijk aminosuiker (enkelvoudige suiker met aminozuur) - glucose en glutamine.','Glucose en glutamine','Bouwstof kraakbeen, in alle weefsels, hoge concentratie in pezen en kraakbeen. Preventie gewrichtsslijtage, ontstekingsremmend en pijnstillend (vervangt NSAID), onderhoud bindweefsel in bloedvaten, huid, slijmvliezen en maag-darmkanaal. Herstelt beschadigd gewrichtskraakbeen en bestrijdt ontstekingsprocessen in gewrichten. Niet essentieel.'),(51,'Chondroïtine (chondroïtinesulfaat)','','','','Gewrichtsklachten en meer pijn.','','','Vaak gecombineerd met glucosamine.','','Bouwstof kraakbeen, botten, pezen, huid, bloedvaten en hartkleppen.'),(52,'MSM (methylsulfonylmethaan)','','','Organisch gebonden zwavel, vooral in weefsels die eiwitrijk zijn (eiwitten, enzymen, antlichamen, hormonen, spieren, bindweefsel/kraakbeen, keratine eiwitten in huid, haar en nagels).','','','Moedermelk, verse groente en fruit. Verdwijnt snel bij bewerken en bewaren voeding.','1% van ons gewicht bestaat uit zwavel. Belangrijk bij synthese van aminozuren cysteïne en glutathion.','',''),(53,'D-mannose','','','Essentieel suiker, monosacharide, effectief bij blaasontsteking omdat de E-coli bacterie zich dan niet meer kan hechten aan het blaasslijmvlies, gezonde werking urinewegen.','','','Ananas en cranberry, extract beuken en berkenhout.','Voorkomt hechting E-coli bacterie aan urineweg slijmvlies.','',''),(54,'Curcuma (curcuminoiden)','','','3 soorten curcuminoiden, werkzame stoffen uit de wortel, is niet hetzelfde als gemalen wortel, extract heeft 90-95% en gemalen 2,4%.\nAntioxidant, reduceert zware metalen, ontstekingsremmend en immunomodulatie (remt immuunsysteem af).','','','','Versterkt door zwarte peper.\nLage biologische beschikbaarheid.\nInzetten bij artherosclerose, reuma, galstenen, maagzweer, inflammatoire darmziekten, depressie en dementie.','','');
/*!40000 ALTER TABLE `supplementen` ENABLE KEYS */;
UNLOCK TABLES;
/*!40103 SET TIME_ZONE=@OLD_TIME_ZONE */;

/*!40101 SET SQL_MODE=@OLD_SQL_MODE */;
/*!40014 SET FOREIGN_KEY_CHECKS=@OLD_FOREIGN_KEY_CHECKS */;
/*!40014 SET UNIQUE_CHECKS=@OLD_UNIQUE_CHECKS */;
/*!40101 SET CHARACTER_SET_CLIENT=@OLD_CHARACTER_SET_CLIENT */;
/*!40101 SET CHARACTER_SET_RESULTS=@OLD_CHARACTER_SET_RESULTS */;
/*!40101 SET COLLATION_CONNECTION=@OLD_COLLATION_CONNECTION */;
/*!40111 SET SQL_NOTES=@OLD_SQL_NOTES */;

-- Dump completed on 2025-07-25 16:08:04
